text,prob_pos,pred_bin,pred_top_label,pred_top_prob
"You may change the items in your order, or cancel the Smartship at anytime, up until 3 days prior to the scheduled ship date of your Smartship by calling Customer Service at 1-800-518-0284.",0.06609704,0,Countdown Timers,0.48681143
 Box Springs & Foundations,0.5680197,1,Not Dark Pattern,0.5680197
"Products are automatically delivered on your schedule. No obligation, modify or cancel your subscription anytime. ",0.27932996,0,Not Dark Pattern,0.27932996
Enjoy FREE shipping with WSJwine Advantage,0.11599047,0,Limited-time Messages,0.3071686
My Account ,0.6081586,1,Not Dark Pattern,0.6081586
We curate the very best in creative and innovative fashion for the EDM Lifestyle. ,0.6030899,1,Not Dark Pattern,0.6030899
Spring Styles ,0.7959104,1,Not Dark Pattern,0.7959104
Flash Sale ends in SHOP NOW  ,0.039882038,0,Limited-time Messages,0.50048757
 Entertainment Centers & TV Stands ,0.7006193,1,Not Dark Pattern,0.7006193
 Bento Lunch Boxes & Food Containers ,0.74084914,1,Not Dark Pattern,0.74084914
Soft Flexible (Classic) ,0.7400785,1,Not Dark Pattern,0.7400785
 Latest looks from Myleene Klass Shop now ,0.5444925,1,Not Dark Pattern,0.5444925
 Short,0.4979364,0,Not Dark Pattern,0.4979364
"""No Worry"" Membership Renewal We will bill your credit card on file at the introductory rate of $2.99 per month for the first year, for membership rewards and discounts. At the end of the introductory period, you'll be billed at the regular monthly rate of $3.99 per month. If you don't want your membership renewed, simply contact us and we will cancel your subscription. You will be refunded for the current month's membership fee, less any membership savings you have received. Exclusive Toll-Free Hotline Number Because we want your calls to get top priority, we have a special number for Value Club members only: 1-800-648-4282. Your call will be handled with the utmost promptness, courtesy and efficiency possible.",0.08893867,0,Pressured Selling,0.24610393
 Active Filters English (United States) English (United States) âœ˜ Remove Filter ,0.58266187,1,Not Dark Pattern,0.58266187
 Fashion Bags ,0.76293516,1,Not Dark Pattern,0.76293516
 Indoor Festive Lights ,0.5385879,1,Not Dark Pattern,0.5385879
 Stone Cold Steve Austin ,0.72712564,1,Not Dark Pattern,0.72712564
 Functional Marketing Cookies,0.69721377,1,Not Dark Pattern,0.69721377
 Active Filters English English âœ˜ Remove Filter ,0.6492592,1,Not Dark Pattern,0.6492592
 Lighting,0.8050333,1,Not Dark Pattern,0.8050333
 Send Us Your Jersey ,0.6718869,1,Not Dark Pattern,0.6718869
 Loyalty Points ,0.075104244,0,Confirmshaming,0.32930264
"Sabrina in Paraparaumu, New Zealand purchased a SCHO-KA-KOLA Schokakola energy Chocolate caffeine snack food MRE caffeinated ",0.0682738,0,Activity Notifications,0.75174487
 Personalised Chocolates ,0.6073691,1,Not Dark Pattern,0.6073691
Whoops! ,0.27671212,0,Not Dark Pattern,0.27671212
 Data Processor Privacy Policy: https://cookieinformation.com/cookie-and-privacy-policy ,0.74175274,1,Not Dark Pattern,0.74175274
OFFER ENDS: 09h: 09m: 55s: 0 ,0.029793095,0,Countdown Timers,0.76061326
 Subscribe! Donâ€™t be caught empty handed ,0.76729655,1,Not Dark Pattern,0.76729655
Purchase protection added,0.03964589,0,Trick Questions,0.41950372
 VIP Points! ,0.07590802,0,Pressured Selling,0.28285202
 Mixed Wine Cases ,0.40877223,0,Not Dark Pattern,0.40877223
 cm in ,0.071570285,0,Limited-time Messages,0.20024002
 dFresh - Fresh Products ,0.41669974,0,Not Dark Pattern,0.41669974
 â‚ª ILS ,0.743451,1,Not Dark Pattern,0.743451
 Best-Selling Products ,0.23789278,0,Testimonials of Uncertain Origin,0.49148086
 shop all ,0.8067156,1,Not Dark Pattern,0.8067156
 Products ,0.79752207,1,Not Dark Pattern,0.79752207
 EVO SP All EVO SP parts and accessories ,0.7379494,1,Not Dark Pattern,0.7379494
 help@postergully.com,0.6804722,1,Not Dark Pattern,0.6804722
 Naked Wolfe ,0.83700114,1,Not Dark Pattern,0.83700114
 Salt Bender Tank and Shorts Combo ,0.72777283,1,Not Dark Pattern,0.72777283
 Apple iPhone X Â» ,0.72773445,1,Not Dark Pattern,0.72773445
You can either livechat or email our support team with any questions or concerns. We are always ready to help. ,0.68651456,1,Not Dark Pattern,0.68651456
 I love this phone case! ðŸ˜ #phonecase #hiraeth #appleiphone #apple #rosegold #loveit ,0.27385336,0,Activity Notifications,0.36677808
 Articles: Medical Matters ,0.8906795,1,Not Dark Pattern,0.8906795
" Paper, Pads & Blocks Toggle category Paper, Pads & Blocks ",0.80729795,1,Not Dark Pattern,0.80729795
 MIN Twins ,0.118517265,0,Low-stock Messages,0.34455907
 Menthol Flavors ,0.6252625,1,Not Dark Pattern,0.6252625
" Synthetic nicotine | Strawberry, kiwi & pomegranate ",0.46885577,0,Not Dark Pattern,0.46885577
Brand Directory ,0.8028591,1,Not Dark Pattern,0.8028591
 Cases for Magsafe Refine by Product Type: Cases for Magsafe ,0.7247992,1,Not Dark Pattern,0.7247992
 Summer Casual Printed Short Sleeve T-Shirt ,0.74479675,1,Not Dark Pattern,0.74479675
 newsletter signup (privacy policy) ,0.3790023,0,Not Dark Pattern,0.3790023
 Please try again ,0.15421624,0,Trick Questions,0.46059325
 Don't leave without taking discount ,0.0928236,0,Confirmshaming,0.24813023
We may also disclose your information to third parties who may contact you with details of other products and services which may be of interest. If you do not want your name and mailing details made available in this way please email opt-out@nextdirect.com,0.42793378,0,Not Dark Pattern,0.42793378
"For instance, we use cookies allowing us to remember information provided by the users from a page to another, choices made by users and information provided by users (name, language preference, country of residenceâ€¦). In particular, we use the following functional cookies: ",0.72250074,1,Not Dark Pattern,0.72250074
"Want more inspiration and styling tips? Dive into The Southern Edit, Southern Tideâ€™s lifestyle blog, and follow us on social media. ",0.7241977,1,Not Dark Pattern,0.7241977
 Temple Locks ,0.74456924,1,Not Dark Pattern,0.74456924
 Subscribe To Us Subscribe ,0.6688434,1,Not Dark Pattern,0.6688434
 Microsoft Xbox One S Wireless Controller Â» ,0.83309394,1,Not Dark Pattern,0.83309394
 E-Gift Cards ,0.7401694,1,Not Dark Pattern,0.7401694
 Data Processor Privacy Policy: https://casalemedia.com/ ,0.76779073,1,Not Dark Pattern,0.76779073
 Brand case & cloth included ,0.53598124,1,Not Dark Pattern,0.53598124
"1 Netflix offer: Not available to customers with an active Netflix offer from Vodafone. Available only on Red+ Lite, Unlimited, Red+ Essentials and Red+ until the 8th of August 2019. Exit fee of $60 applies if you exit or transfer your plan before 6 months. Plan exit fees may also apply. Netflix Offer: One year Netflix â€˜Standardâ€™ plan ($14.99 a month) credit will be applied to your Netflix account on activation. At the end of your credit, you will be charged at your Netflix plan rate unless you cancel your Netflix subscription. Cancel Netflix at any time. Netflix compatible device required. See eligible plans and full Netflix terms.",0.16391338,0,Pressured Selling,0.3580106
 Food ,0.8429108,1,Not Dark Pattern,0.8429108
"Be part of the best family ever & enjoy 15% in VIP Benefits on every order, every day. That's 10% Instant Savings plus 5% back in Rewards Cash on everything. Plus, enjoy 90 days to test run your shoes, socks, and insoles. And so much more! Join today for just $1.99 your first year.  ",0.117110446,0,Pressured Selling,0.27370644
I agree to receive marketing emails from Natural Life and agree to our Privacy Policy and terms of use.,0.463875,0,Not Dark Pattern,0.463875
Men's Accessories ,0.71842635,1,Not Dark Pattern,0.71842635
 Alchemy Books ,0.7543777,1,Not Dark Pattern,0.7543777
 Baby & Toddler Toys ,0.734977,1,Not Dark Pattern,0.734977
 Lawn Mowers ,0.773433,1,Not Dark Pattern,0.773433
 Sign In With Google ,0.5850504,1,Not Dark Pattern,0.5850504
Brand ,0.7740845,1,Not Dark Pattern,0.7740845
Diamond Nose Studs ,0.7120363,1,Not Dark Pattern,0.7120363
 Data Processor Privacy Policy: https://videoly.co/privacy-policy ,0.77025837,1,Not Dark Pattern,0.77025837
SUPPORT THE AMERICAN SUPRESSOR ASSOCIATION,0.7800825,1,Not Dark Pattern,0.7800825
"You may cancel your Minted More membership at any time by contacting Minted Customer Service at www.minted.com/help. If you cancel your membership before your Minted More gift box has shipped, we will refund your full membership fee; provided that we may charge you (or withhold from your refund) the value of Minted More discount benefits used by you and your account prior to cancellation. If you cancel at any other time, your membership fee is non-refundable.",0.07391926,0,Trick Questions,0.35867
Set SALE IntoÂ Summer ,0.07971952,0,Limited-time Messages,0.6981875
 Midleton Very Rare ,0.07214746,0,Low-stock Messages,0.41009563
 Also notify me about New Arrivals! ,0.73840564,1,Not Dark Pattern,0.73840564
 V&A Collection People Treeâ€™s collaboration with the Victoria and Albert Museum offers a stylish and contemporary capsule collection which celebrates the beauty and variety of pattern which the London museum is renowned for. ,0.5805677,1,Not Dark Pattern,0.5805677
 TV & Home Appliances ,0.7170709,1,Not Dark Pattern,0.7170709
 Amethyst Beads ,0.7538867,1,Not Dark Pattern,0.7538867
 View All Home Office Furniture ,0.67701036,1,Not Dark Pattern,0.67701036
 Wife ,0.7937044,1,Not Dark Pattern,0.7937044
"Iâ€™ve read and accept the terms & conditions * , I also authorize Bosley to contact me by phone or text utilizing automated dialing equipment, as well as by email or mail with information about appointments, products, services, news or promotions. I also agree to Bosley's Terms of Service. Otherwise, call Bosley at 800-985-6405 to request your FREE information kit or to schedule your FREE no-obligation consultation.",0.5550288,1,Not Dark Pattern,0.5550288
" ... It covers love and loss, friendship and pain through ",0.720395,1,Not Dark Pattern,0.720395
 sales@scandinavianoutdoor.com ,0.24332868,0,Activity Notifications,0.4676628
 Customer Support ,0.7522404,1,Not Dark Pattern,0.7522404
 Cable Winders ,0.7719539,1,Not Dark Pattern,0.7719539
Readers looking for some old-fashioned storytelling with a sprinkling of magic will find it here. ,0.69330263,1,Not Dark Pattern,0.69330263
 Candy & Snacks ,0.8296364,1,Not Dark Pattern,0.8296364
 VUSE Alto Menthol Pods ,0.72070295,1,Not Dark Pattern,0.72070295
" This site uses cookies to provide and improve your shopping experience. If you want to benefit from this improved service, please opt-in. ",0.56935436,1,Not Dark Pattern,0.56935436
 Shop By Shape ,0.83939767,1,Not Dark Pattern,0.83939767
 Buy Tablets ,0.5523219,1,Not Dark Pattern,0.5523219
 Data Processor: Amobee ,0.7531299,1,Not Dark Pattern,0.7531299
 Gift Cards Collection ,0.6754127,1,Not Dark Pattern,0.6754127
"When you join the PetPlus Plan, you are given the option to purchase your membership on an annual or monthly basis and you are automatically enrolled in our recurring billing program. You may cancel at any time by contacting our customer service team, but you will not be refunded for any unused days on your membership if you choose to cancel prior to the end of your billing cycle. You may cancel your PetPlus membership at any time without penalty if you have not utilized any of your PetPlus benefits (including discounts on products and/or services). For customers charged on a monthly basis, if you have purchased products or used services using your PetPlus benefits, we will charge a $25 administrative fee per membership cancellation if the membership is cancelled within three months of enrollment.",0.1558982,0,Pressured Selling,0.25805634
 For Wife ,0.77169925,1,Not Dark Pattern,0.77169925
Â Join NRA or Renew,0.7142523,1,Not Dark Pattern,0.7142523
 Ireland EUR,0.35078642,0,Not Dark Pattern,0.35078642
 Tony Bianco ,0.76777714,1,Not Dark Pattern,0.76777714
 Contact Lens Washer ,0.67327,1,Not Dark Pattern,0.67327
 EDC-V Megalodon Bottle Opener - Brass (Exclusive),0.32766262,0,Not Dark Pattern,0.32766262
 Hairy Chest T-Shirt And Shorts Combo ,0.72475606,1,Not Dark Pattern,0.72475606
Your order is reserved for 09:14 minutes! ,0.005026208,0,Countdown Timers,0.9559476
 Landofcoder can power almost ANY marketplace you think of,0.6252726,1,Not Dark Pattern,0.6252726
Printed ,0.13203882,0,Low-stock Messages,0.35745782
 LOGO BLACK ,0.8268376,1,Not Dark Pattern,0.8268376
 Champagne Taittinger ,0.81122714,1,Not Dark Pattern,0.81122714
Sports ,0.826789,1,Not Dark Pattern,0.826789
 Brass Shankh ,0.71848565,1,Not Dark Pattern,0.71848565
 Low Price Guarantee ,0.41755176,0,Not Dark Pattern,0.41755176
Rate & Review ,0.492096,0,Not Dark Pattern,0.492096
 Jumpers + Sweaters ,0.77603763,1,Not Dark Pattern,0.77603763
" to resolve the issue, or ",0.5768848,1,Not Dark Pattern,0.5768848
 Rechargeable ,0.7409462,1,Not Dark Pattern,0.7409462
I accept the Terms & Conditions of the FREE Brother Care Program and agree to receive exclusive offers and general promotions from Brother. I may withdraw my consent at any time.,0.50105596,1,Not Dark Pattern,0.50105596
 BACK TO TOP ,0.6907537,1,Not Dark Pattern,0.6907537
 Highlight Hover ,0.5902744,1,Not Dark Pattern,0.5902744
 Redirecting to Futech Deals for secure checkout... ,0.48953202,0,Not Dark Pattern,0.48953202
 By Doug,0.6955591,1,Not Dark Pattern,0.6955591
 A-Z Luxury Brands ,0.7656622,1,Not Dark Pattern,0.7656622
Hugs and Kisses Rose Bouquet $44.99 Discount -$6.75 Delivery $13.99 Tax $3.46 Item Total $55.69,0.18332988,0,Not Dark Pattern,0.18332988
Devices ,0.82562095,1,Not Dark Pattern,0.82562095
"By clicking â€œAccept All Cookiesâ€, you agree to the storing of cookies on your device to enhance site navigation, analyze site usage, and assist in our marketing efforts. ",0.5458426,1,Not Dark Pattern,0.5458426
" well, this is awkward. ",0.47099906,0,Not Dark Pattern,0.47099906
 View All Parts ,0.8162142,1,Not Dark Pattern,0.8162142
 Motocross Gloves ,0.7062283,1,Not Dark Pattern,0.7062283
"We are one of the best online printing technology & solution company successfully serving local and international customers to cherish the joy, love and precious moments in life with various products. Being an instrument to spread your joy and love in a beautiful way we take pride in providing the best quality services. ",0.7315297,1,Not Dark Pattern,0.7315297
 Italy â‚¬ EUR ,0.386834,0,Not Dark Pattern,0.386834
 ï˜’ ,0.2720197,0,Not Dark Pattern,0.2720197
 Please click ,0.29203117,0,Not Dark Pattern,0.29203117
 Shop All NFL ,0.7655839,1,Not Dark Pattern,0.7655839
 Football Boots ,0.71092755,1,Not Dark Pattern,0.71092755
Read More ,0.7805544,1,Not Dark Pattern,0.7805544
Lasers ,0.8005735,1,Not Dark Pattern,0.8005735
 Use a clean vase and clean water.,0.73078084,1,Not Dark Pattern,0.73078084
 Price Low To High ,0.073739775,0,High-demand Messages,0.42462873
 SHIPPING INFO ,0.3753704,0,Not Dark Pattern,0.3753704
 We value your privacy We use cookies to improve your website experience. We also use third-party cookies for marketing purposes. Learn more. ,0.6237116,1,Not Dark Pattern,0.6237116
"Ketolent subscriptions have no long term contracts. Pause, cancel, or change at any time. Want to swap Vanilla for Chocolate, or set up to renew every 3 weeks? No problem! Send us an email to help@ketolent.com and we'll make the change for you.",0.07913228,0,Trick Questions,0.39085764
 Military Discount ,0.029107936,0,Limited-time Messages,0.52429
 #CERTIFIED_FACE_MASKS ,0.5935955,1,Not Dark Pattern,0.5935955
 Sold out ,0.018794939,0,Low-stock Messages,0.7982222
 You can change your preference here Shop for Select an age ,0.64032567,1,Not Dark Pattern,0.64032567
" This product can expose you to chemicals including Hexavalent which is known to the State of California to cause cancer on birth defects or other reproductive harm. For more information, visit ",0.57532483,1,Not Dark Pattern,0.57532483
"We will also send you an additional email confirming your renewal. Should you elect not to renew your Membership, you may cancel at any time prior to the renewal by emailing us at passportmembership@1800flowers.com and your credit/debit card on file with us will not be charged. A confirmation email will be sent to you. If you email to cancel after your Membership has been renewed, your credit/debit card will have been charged the then current paid annual membership fee for the Passport Program, however you may request, and 1-800-Flowers may grant, a pro-rata refund within its sole discretion based upon the extent that you may have utilized the benefits of the Passport Program and the period of time remaining on your paid Membership.",0.11897239,0,Trick Questions,0.3523533
"If you wish to cancel your subscription, you can email us at getflat@flattummyco.com",0.13596103,0,Trick Questions,0.3913642
 Remove Product? ,0.21144238,0,Not Dark Pattern,0.21144238
" Born for adventures across land, desert, and ice. Cruise over Tarmac-free roads or adapt it to be your 'do anything' commuter. ",0.6931859,1,Not Dark Pattern,0.6931859
"When you visit any website, it may store or retrieve information on your browser, mostly in the form of cookies. This information might be about you, your preferences or your device and is mostly used to make the site work as you expect it to. The information does not usually directly identify you, but it can give you a more personalized web experience. Because we respect your right to privacy, you can choose not to allow some types of cookies. Click on the different category headings to find out more and change our default settings. However, blocking some types of cookies may impact your experience of the site and the services we are able to offer. ",0.6211775,1,Not Dark Pattern,0.6211775
 Colored Contact Lenses ,0.7138926,1,Not Dark Pattern,0.7138926
 Base Layer & Thermals ,0.6133966,1,Not Dark Pattern,0.6133966
"You may cancel or renew your membership to the VIP Program or find out more information about your VIP Program subscription, including your annual expiration date, by contacting support@grove.co.",0.07655624,0,Trick Questions,0.32775867
 Read the FAQ ,0.8560779,1,Not Dark Pattern,0.8560779
"Members may cancel their Membership at any time during their Membership term and receive a full refund, less any benefits/savings received in their current Membership term (for example, Buyerâ€™s Club Discounts received or free shipping). Refunds for completed years completed will not be made, even if the Member did not use any of the benefits during the Membership term. To cancel your membership, please contact our customer service department by contacting us at 1-800-375-3006.",0.10803547,0,Trick Questions,0.33712915
 Sports Bras ,0.7246672,1,Not Dark Pattern,0.7246672
Hurry up! Sales Ends in DAYS HRS MINS SECS by Beeketing ,0.031060467,0,Countdown Timers,0.71731114
 How to Recycle ,0.82516116,1,Not Dark Pattern,0.82516116
 JOINT Oil ,0.7156954,1,Not Dark Pattern,0.7156954
 View all Ink categories ,0.8147714,1,Not Dark Pattern,0.8147714
 Dry Direct Incontinence Personal Care Daily Living Safety Bedroom Nutrition Mobility Lift Aids Medical Supplies Plus Size ,0.7354203,1,Not Dark Pattern,0.7354203
 PopTop Refine by Product Type: PopTop ,0.75171846,1,Not Dark Pattern,0.75171846
 Light powerful. ,0.7773824,1,Not Dark Pattern,0.7773824
 Supply & Demand ,0.16680859,0,High-demand Messages,0.6567555
 Nursery ,0.81528795,1,Not Dark Pattern,0.81528795
"NO, THANKS. I DON'T LIKE DISCOUNTS ",0.011023722,0,Confirmshaming,0.9043279
 Menstrual Products ,0.74050516,1,Not Dark Pattern,0.74050516
 Tires,0.80021137,1,Not Dark Pattern,0.80021137
 â‰¡ Filter Reviews Clicking on the following button will update the content below ,0.79319286,1,Not Dark Pattern,0.79319286
 Boardshorts,0.7536638,1,Not Dark Pattern,0.7536638
 This is a green tea without the bitterness. ,0.48873514,0,Not Dark Pattern,0.48873514
Short Sleeve T-Shirts ,0.7798364,1,Not Dark Pattern,0.7798364
 Books About Indian Culture ,0.67933553,1,Not Dark Pattern,0.67933553
" Sorry, we could not process your request at the moment. Please try again in a few minutes. ",0.14519134,0,High-demand Messages,0.26723602
 First name * ,0.7533088,1,Not Dark Pattern,0.7533088
 Flex Mount ,0.7532758,1,Not Dark Pattern,0.7532758
 V-neck Printed Loose Short-sleeved T-shirt ,0.72946215,1,Not Dark Pattern,0.72946215
 Accessibility statement ,0.4457513,0,Not Dark Pattern,0.4457513
 Crossbody & Belt Bags ,0.7778014,1,Not Dark Pattern,0.7778014
 Affiliate ,0.691063,1,Not Dark Pattern,0.691063
 Electric Daisy ,0.8157051,1,Not Dark Pattern,0.8157051
Search Result:Search Results: ,0.77589977,1,Not Dark Pattern,0.77589977
 Learn More ,0.83339655,1,Not Dark Pattern,0.83339655
 Home Â» ,0.8518977,1,Not Dark Pattern,0.8518977
Order Subtotal $19.99 Standard Delivery $12.99 Care & Handling $2.99 Tax $2.38 Total $38.35 Savings Today $10.00,0.0533413,0,Countdown Timers,0.19678351
 Polar Lights II ,0.74946153,1,Not Dark Pattern,0.74946153
40% OFF EVERYTHING* ENTER: 40PLT + FREE SHIPPING ON ALL ORDERS OVER $80 ,0.025567818,0,Limited-time Messages,0.71230674
 Butterscotch Cakes ,0.8294508,1,Not Dark Pattern,0.8294508
 Write a reviewAsk a question,0.8124054,1,Not Dark Pattern,0.8124054
Clocks ,0.06752083,0,Countdown Timers,0.8453153
 Title of Review ,0.7716965,1,Not Dark Pattern,0.7716965
 World of Sweats ,0.82059604,1,Not Dark Pattern,0.82059604
Compare Products ,0.64093214,1,Not Dark Pattern,0.64093214
 Chargers ,0.85992837,1,Not Dark Pattern,0.85992837
 Casual V-Neck Sleeveless T-Shirt ,0.7303034,1,Not Dark Pattern,0.7303034
 View All Mattress Accessories ,0.5807963,1,Not Dark Pattern,0.5807963
 Face Masks,0.621613,1,Not Dark Pattern,0.621613
 Gemstone softwares ,0.8064573,1,Not Dark Pattern,0.8064573
 read you will want to read -- Five Book Group Favourites * Sunday Post *,0.62773526,1,Not Dark Pattern,0.62773526
 Shop ,0.79668033,1,Not Dark Pattern,0.79668033
Shipping Insurance Remove Insurance,0.11398553,0,Pressured Selling,0.5423831
 GeekVape Pursue a Healthy Vaping Experience ,0.5918006,1,Not Dark Pattern,0.5918006
 Plastic ,0.7683429,1,Not Dark Pattern,0.7683429
 à¥ Welcome to Devshoppe Sign In or Create an Account ,0.55982065,1,Not Dark Pattern,0.55982065
 Bra Panty Set ,0.70446026,1,Not Dark Pattern,0.70446026
 Black / White Refine by Color: Black / White ,0.83465964,1,Not Dark Pattern,0.83465964
 Summer Simple Breathable Socks ,0.66637236,1,Not Dark Pattern,0.66637236
 Yearly ,0.19037116,0,Pressured Selling,0.37899497
Parad Combo Deals ,0.080796055,0,Pressured Selling,0.4230536
 Netherlands Antilles USD,0.39291143,0,Not Dark Pattern,0.39291143
 CAMILLA World ,0.61420584,1,Not Dark Pattern,0.61420584
 Women's Bags ,0.727965,1,Not Dark Pattern,0.727965
Purchase Benefit Club Member can cancel the Purchase Benefits at any time by calling MDGâ€™s Customer Service department at: 1-800-906-0975 ext. 352 and requesting to cancel the Purchase Benefits.,0.09283063,0,Trick Questions,0.33216462
 Shirts & Blouses ,0.82373893,1,Not Dark Pattern,0.82373893
 All Shoes ,0.76365024,1,Not Dark Pattern,0.76365024
I have a strong liking to walnut. Even the sapwood can look very presentable when finished good. Thus cutting board is a great item for use and conversation and looks good. ,0.58191055,1,Not Dark Pattern,0.58191055
 Women's Summer New Clerk Large Size Loose Cotton And Linen Blouse ,0.65058494,1,Not Dark Pattern,0.65058494
 Other Snacks ,0.8185379,1,Not Dark Pattern,0.8185379
Free Shipping & Easy Returns always! ,0.2552196,0,Limited-time Messages,0.27336243
Harry Potter ,0.7610177,1,Not Dark Pattern,0.7610177
 All Birthday Gifts ,0.74973875,1,Not Dark Pattern,0.74973875
 Zero Gravity Lift Chairs ,0.43046743,0,Not Dark Pattern,0.43046743
 A Date With Duchess ,0.70954096,1,Not Dark Pattern,0.70954096
Rare Book Conditions ,0.2704829,0,Not Dark Pattern,0.2704829
 Search Search ,0.81330687,1,Not Dark Pattern,0.81330687
 shop by trend ,0.6722092,1,Not Dark Pattern,0.6722092
"If your JR Plus membership has renewed automatically, you have seven (7) days after payment is taken to cancel your annual membership. You must contact Customer Service at (888) 574-3576 within this window and not have made any eligible purchase using the JR Plus service. You will then be provided with a full refund of your membership fee for the renewal year and the JR Plus service will be cancelled from your account. If you cancel during any renewal year after the seven (7) day window expires, you are not entitled to any refund of the renewal fee, even if you have not made any eligible purchase during the renewal term.",0.06790757,0,Trick Questions,0.40220794
 Searching...,0.62600195,1,Not Dark Pattern,0.62600195
clear text ,0.6037356,1,Not Dark Pattern,0.6037356
" is full of sorrow and joy that weaves the life stories of its characters, exploring relationships, illness and loss * Manchester Weekly News *",0.73315036,1,Not Dark Pattern,0.73315036
 Cat's Eye Beads ,0.7021057,1,Not Dark Pattern,0.7021057
 Upcoming Events ,0.66373795,1,Not Dark Pattern,0.66373795
 Light Blue Regular Fit Single Cuff Easy Care Shirt ,0.76255435,1,Not Dark Pattern,0.76255435
 Sunflower ,0.7834811,1,Not Dark Pattern,0.7834811
 Why buy from us ,0.08504564,0,Activity Notifications,0.5707399
 All Personalised Gifts ,0.6939581,1,Not Dark Pattern,0.6939581
 Heart Shaped Cake ,0.697349,1,Not Dark Pattern,0.697349
 New In,0.7183718,1,Not Dark Pattern,0.7183718
 Travel Accessories ,0.69574296,1,Not Dark Pattern,0.69574296
Bob's Outreach ,0.8308243,1,Not Dark Pattern,0.8308243
 Mixed Media ,0.85716105,1,Not Dark Pattern,0.85716105
 Bioactive Custodians ,0.71579075,1,Not Dark Pattern,0.71579075
 Every bicycle tells a story ,0.7565574,1,Not Dark Pattern,0.7565574
 Shop All Lehenga Choli ,0.7727697,1,Not Dark Pattern,0.7727697
 School Shoes,0.6437727,1,Not Dark Pattern,0.6437727
 Short Sleeve Dresses ,0.7510457,1,Not Dark Pattern,0.7510457
Crystal Shivlingas ,0.7863687,1,Not Dark Pattern,0.7863687
 Ladies Flower Print Casual Fashion Dress ,0.7033753,1,Not Dark Pattern,0.7033753
 New In Lunch Boxes ,0.7266274,1,Not Dark Pattern,0.7266274
 Paul Henry ,0.7180813,1,Not Dark Pattern,0.7180813
Know exactly whatâ€™s going on at home and be alerted of emergencies in real time. ,0.7458079,1,Not Dark Pattern,0.7458079
. ,0.3748507,0,Not Dark Pattern,0.3748507
 WWE New Arrivals ,0.6838563,1,Not Dark Pattern,0.6838563
 Eye Protection,0.428265,0,Not Dark Pattern,0.428265
 Shoe Care ,0.7470604,1,Not Dark Pattern,0.7470604
" Looks like your cart is empty, let's fix that! ",0.119562455,0,Countdown Timers,0.44012475
 Space Heaters & Workshop Heaters ,0.74559885,1,Not Dark Pattern,0.74559885
 Terms of Service ,0.78380346,1,Not Dark Pattern,0.78380346
 â˜… â˜… â˜… â˜… â˜… ,0.54849494,1,Not Dark Pattern,0.54849494
 C.P. Company ,0.5907278,1,Not Dark Pattern,0.5907278
 United States ,0.1493015,0,Activity Notifications,0.51499164
 PopWallet+ Refine by Product Type: PopWallet+ ,0.7736536,1,Not Dark Pattern,0.7736536
 Color Yellow Smoke Blue Pink Orange,0.84302634,1,Not Dark Pattern,0.84302634
 All Men's Brands ,0.7706315,1,Not Dark Pattern,0.7706315
 Synthesis Alloy Collection ,0.73790056,1,Not Dark Pattern,0.73790056
 Mountboard ,0.80269676,1,Not Dark Pattern,0.80269676
 TERMS OF SALE ,0.4259902,0,Not Dark Pattern,0.4259902
"Michael in Pontiac, United States purchased a  ",0.02457749,0,Activity Notifications,0.8209793
 Brushes + Tools ,0.6632079,1,Not Dark Pattern,0.6632079
Use the left and right arrow keys to navigate the Menu. Use the enter key to activate the submenu on a navigation item. Use escape key to close the submenu. ,0.7444959,1,Not Dark Pattern,0.7444959
 Menu Search ,0.7806036,1,Not Dark Pattern,0.7806036
 Subscribe ,0.6013152,1,Not Dark Pattern,0.6013152
 Fashion Short Sleeve Crew Neck Print Dress ,0.70386374,1,Not Dark Pattern,0.70386374
 Love the way you pay ,0.6147237,1,Not Dark Pattern,0.6147237
 Women's Sandals ,0.70497197,1,Not Dark Pattern,0.70497197
 Rain Boots ,0.7292016,1,Not Dark Pattern,0.7292016
 Irwin ,0.81418157,1,Not Dark Pattern,0.81418157
 Share on Pinterest ,0.72190905,1,Not Dark Pattern,0.72190905
 family ,0.6328578,1,Not Dark Pattern,0.6328578
 Mobile Terms of Use ,0.7202538,1,Not Dark Pattern,0.7202538
 Tweet Share Pin It Add Email ,0.71395123,1,Not Dark Pattern,0.71395123
" Port, Sherry & Sweet Wine ",0.5849056,1,Not Dark Pattern,0.5849056
 Eyelashes ,0.66721696,1,Not Dark Pattern,0.66721696
Wallets ,0.73625,1,Not Dark Pattern,0.73625
 Safe & Secure Checkout ,0.53432107,1,Not Dark Pattern,0.53432107
 View product View SAA Standard Membership Renewal - Credit/Debit Card - One Year Only ,0.1674724,0,Pressured Selling,0.27413985
 Digital Device Covers ,0.74722016,1,Not Dark Pattern,0.74722016
 Cordless Phones For Seniors ,0.7339573,1,Not Dark Pattern,0.7339573
 AllÂ Licensed ,0.6030029,1,Not Dark Pattern,0.6030029
 Personalised Gifts ,0.71846277,1,Not Dark Pattern,0.71846277
 Frame out of stock in this colour,0.041077375,0,Low-stock Messages,0.7440476
 SAF Warriors ,0.78579074,1,Not Dark Pattern,0.78579074
 More Sports ,0.8401495,1,Not Dark Pattern,0.8401495
 mens long sleeve organic shirt ,0.7312817,1,Not Dark Pattern,0.7312817
 Most-Hearted Styles Shop Now ,0.6764599,1,Not Dark Pattern,0.6764599
 Plant-Based Beauty ,0.6918345,1,Not Dark Pattern,0.6918345
 All consumers in the EU are charged VAT on the purchase of goods and services.,0.66264284,1,Not Dark Pattern,0.66264284
 Watercolour Brushes Toggle category Watercolour Brushes ,0.6829854,1,Not Dark Pattern,0.6829854
 EU Delivery & Returns ,0.77317923,1,Not Dark Pattern,0.77317923
"Exposed Membership (recurring subscription) and Cancellations  If You order with Exposed Membership, you are selecting a recurring billing subscription, where You will receive a new kit approximately every 60 days. You are able to cancel by contacting Exposed customer care at 1-866-404-7656, 8am â€“ 4pm Pacific Time, M-F.  If You are part of our Monthly installment program, You will be billed in two monthly installments for each acne kit shipped. Each kit will be shipped every two months unless your membership is canceled. To cancel Your Exposed Membership, You must: 1. first pay in full for all kits that have been shipped 2. and, then contact Exposed customer care at 1-866-404-7656 8am â€“ 4pm Pacific Time, M-F to process Your cancellation.",0.10462747,0,Trick Questions,0.40010637
 PopGrip MagSafe Refine by Product Type: PopGrip MagSafe ,0.7690424,1,Not Dark Pattern,0.7690424
 Glow Gear ,0.712304,1,Not Dark Pattern,0.712304
Charleston ,0.35189423,0,Not Dark Pattern,0.35189423
"GRACE from ORLANDO, United States bought Camouflage Jumpsuit 31 minutes ago          ",0.00944864,0,Activity Notifications,0.87657374
"YOU MAY CANCEL YOUR WINE CLUB MEMBERSHIP OR ANY HOLIDAY SHIPMENTS AT ANY TIME BY CONTACTING US AT 1-877-975-9463, AND WE WILL PROMPTLY STOP PROCESSING THE RECURRING PAYMENTS.",0.10275925,0,Trick Questions,0.23873486
 Gameday Collection ,0.69391716,1,Not Dark Pattern,0.69391716
 Accessories Collection ,0.7019279,1,Not Dark Pattern,0.7019279
 Take time to pay.,0.46685404,0,Not Dark Pattern,0.46685404
 Payment Methods ,0.8386443,1,Not Dark Pattern,0.8386443
 Shop Sale by Print ,0.7953996,1,Not Dark Pattern,0.7953996
 Get The Look The Full Story Shop Now Read More ,0.6262585,1,Not Dark Pattern,0.6262585
 Gut Health ,0.7985796,1,Not Dark Pattern,0.7985796
 Limited Edition Colors ,0.16179205,0,Low-stock Messages,0.2768645
"Once a celebrated author of short stories now in his twilight years, ",0.640925,1,Not Dark Pattern,0.640925
0 DAYS22 HOURS13 MINUTES21 SECONDS ,0.019148659,0,Countdown Timers,0.9231758
By Brand All Men's Brands ,0.75326306,1,Not Dark Pattern,0.75326306
I would like to join Backstage Pass & agree to the Terms & Conditions & to receive emails & other promotional offers.,0.30523497,0,Not Dark Pattern,0.30523497
 Shop All Men's Boots ,0.733065,1,Not Dark Pattern,0.733065
 Summer Casual Printed Loosen Short Sleeve T-Shirt ,0.74978036,1,Not Dark Pattern,0.74978036
 SAA Oil & Acrylic Brushes ,0.62800515,1,Not Dark Pattern,0.62800515
 New in ,0.7183718,1,Not Dark Pattern,0.7183718
"To cancel your order before it ships, call us.",0.050400335,0,Countdown Timers,0.28308645
 Lens Manual Washer ,0.663513,1,Not Dark Pattern,0.663513
 Clinical Studies ,0.85241574,1,Not Dark Pattern,0.85241574
Free 60 day VIP trial membership with this order. Cancel anytime.,0.0543996,0,Limited-time Messages,0.22177722
 Best Deals of the Month: April Edition ,0.038849425,0,Limited-time Messages,0.6409211
 Out of Stock! ,0.011184999,0,Low-stock Messages,0.8823962
 Sustainably made,0.7476052,1,Not Dark Pattern,0.7476052
Dressmakers Mannequins ,0.7021629,1,Not Dark Pattern,0.7021629
 Mitre Saws ,0.70413,1,Not Dark Pattern,0.70413
"IF YOU PARTICIPATE IN AN AUTOMATIC RENEWAL SUBSCRIPTION AND YOU HAVE PROVIDED US WITH A VALID CREDIT CARD NUMBER OR AN ALTERNATE PAYMENT METHOD, EACH SHIPMENT WILL BE AUTOMATICALLY PROCESSED AT THE TIME OF EACH SHIPMENT OR INSTALLMENT AND WILL BE BILLED TO THE PAYMENT METHOD YOU PROVIDED TO US AT THE TIME OF YOUR INITIAL PURCHASE AND AGREEMENT TO PARTICIPATE IN THE PROGRAM. IF YOU WISH TO CANCEL YOUR PARTICIPATION IN AN AUTOMATIC RENEWAL SUBSCRIPTION, YOU MAY DO SO AT ANY TIME BY CONTACTING A CUSTOMER CARE PROFESSIONAL AT THE CONTACT INFORMATION PROVIDED ON THE WEBSITE.",0.2455653,0,Trick Questions,0.26963797
 Rudraksha Recommendations ,0.71170497,1,Not Dark Pattern,0.71170497
All Brands A-Z ,0.7896909,1,Not Dark Pattern,0.7896909
" Household Cleaning Kitchen Bathroom Eco Laundry General Cleaning Kitchenware Cook & Bakeware Food Storage & Preservation Kitchen Textiles Appliances Kitchen Appliances Household Appliances Bed, Bath & Living ",0.7535035,1,Not Dark Pattern,0.7535035
 Our Carbon Footprint ,0.5985885,1,Not Dark Pattern,0.5985885
 Businesses in the EU buying from a business in the same country are also charged VAT.,0.6646922,1,Not Dark Pattern,0.6646922
 Unstitched Fabric ,0.5774802,1,Not Dark Pattern,0.5774802
Pick the price that matches your budget. ,0.113473065,0,Confirmshaming,0.40766054
Limited quantity! ,0.044928785,0,Low-stock Messages,0.59197676
 ALL SALE ,0.090826355,0,Confirmshaming,0.49730617
 Jersey GBP,0.1521957,0,Activity Notifications,0.536759
 What's New New arrivals daily ,0.7199359,1,Not Dark Pattern,0.7199359
 Comfy and looks great ,0.68474466,1,Not Dark Pattern,0.68474466
 Bar Stools,0.5884376,1,Not Dark Pattern,0.5884376
 Free Delivery to HomeÂ & Next day delivery available to store* ,0.36478516,0,Not Dark Pattern,0.36478516
"Tambria in Hattiesburg just bought Peruvian Virgin Natural Wave Hair 3 Bundles with Lace Frontal, 100% Human Virgin Hair ",0.12554228,0,Activity Notifications,0.5034571
"WOULD YOU LIKE A FREE NEXT DIRECTORY? Explore all the latest collections from your free Next Directory. By opting in to receive the Next Directory you agree that we may send you, at our discretion, further Directories usually in January and July each year, at a charge of Â£3.75 per publication. You also agree to receive supplementary Directories and â€˜New Inâ€™ publications at no additional charge.",0.6392621,1,Not Dark Pattern,0.6392621
 Bob Ross Oil Brushes ,0.5908297,1,Not Dark Pattern,0.5908297
 REPLACE-WITH-DYANMIC-HOST-ID,0.2275624,0,Not Dark Pattern,0.2275624
 View all Oil & Acrylic Brushes categories ,0.6542889,1,Not Dark Pattern,0.6542889
 Drive and Focus ,0.7342699,1,Not Dark Pattern,0.7342699
 Laundry & Cleaning ,0.7783682,1,Not Dark Pattern,0.7783682
"To qualify, simply verify your status during checkout on the payment step. We verify through ID.me, our trusted technology partner for secure digital identity verification. ",0.46790457,0,Not Dark Pattern,0.46790457
 Resend One time Pin ,0.22556235,0,Trick Questions,0.27092022
Pay weekly ,0.35588107,0,Not Dark Pattern,0.35588107
 Continue with Facebook Continue with Google ,0.5558078,1,Not Dark Pattern,0.5558078
 Data Processor Privacy Policy: https://triplelift.com/privacy ,0.67441463,1,Not Dark Pattern,0.67441463
 Supporting All Artists Create because you can ,0.8188397,1,Not Dark Pattern,0.8188397
" Gift TypeFlowers, Cakes, Plants, etc. ",0.7069853,1,Not Dark Pattern,0.7069853
"For more information about the VIP Rewards Club Membership, to purchase or terminate a membership, or to start or stop automatic renewal of a membership, contact Ross-Simons Customer Service by postal mail at: Ross-Simons, 9 Ross-Simons Drive, Cranston, Rhode Island 02920; or by email at customerservice@ross-simons.com; or by calling the VIP Rewards Club priority line at 800-835-3799.",0.15709564,0,Pressured Selling,0.3065559
 Disposable Washcloths ,0.675198,1,Not Dark Pattern,0.675198
 IZZY MIDI DRESS Ivory ,0.67635286,1,Not Dark Pattern,0.67635286
Women's ApparelCollection ,0.7607196,1,Not Dark Pattern,0.7607196
" Your company account is blocked and you cannot place orders. If you have questions, please contact your company administrator. ",0.4567681,0,Not Dark Pattern,0.4567681
"You may cancel your JustFab VIP Membership at any time. There is absolutely no cancellation fee. If you would like to continue receiving selections, then just skip the month by clicking Skip This Month in your Boutique between the 1st and the 5th of the month. You won't be charged and no member credit will be generated for you. If you no longer want to skip the month, then call our Fashion Consultants on 020 36953830 (local rate) Mon-Fri 8:00AM to 8:00PM and Sat-Sun 10:00AM to 6:00PM or cancel your membership via chat.",0.091897555,0,Trick Questions,0.31402496
 Watches & Accessories ,0.6919814,1,Not Dark Pattern,0.6919814
 éŸ“åœ‹é¦™æ°› Cosmic Mansion ,0.72000164,1,Not Dark Pattern,0.72000164
 V-neck Casual Loose Embroidered Short Sleeve Blouse ,0.6959754,1,Not Dark Pattern,0.6959754
â€¢ Recommended to be used with Downy for better long lasting freshness ,0.65543413,1,Not Dark Pattern,0.65543413
 Low Maintenance Plants ,0.6727308,1,Not Dark Pattern,0.6727308
 Choosing the Best Plus Size Briefs ,0.7045512,1,Not Dark Pattern,0.7045512
 Gift Card FAQs ,0.66299117,1,Not Dark Pattern,0.66299117
"Metal - Brass , hollow from insideÂ ",0.71476257,1,Not Dark Pattern,0.71476257
 Home / Black Tapered Belted Cigarette Trousers - Myasia ,0.6522078,1,Not Dark Pattern,0.6522078
 Fashion Floral Short Sleeve Dress ,0.69591373,1,Not Dark Pattern,0.69591373
 Add to Cart ,0.086163394,0,Activity Notifications,0.3993989
"If you wish to cancel a membership, please contact our Customer Services Department on UK: +44 808 164 8264 (standard local call charges will apply) or via email on customer.service@beautypie.com. You can also contact the Customer Services Department by post at: Beauty Pie Limited, Customer Service Department, The Point, 210 New Kings Road, London SW6 5NZ, United Kingdom. Please quote your order number in all correspondence.",0.11281449,0,Trick Questions,0.17700951
 Charity Collection ,0.70889944,1,Not Dark Pattern,0.70889944
 Email Address ,0.6835261,1,Not Dark Pattern,0.6835261
 Sale By Category ,0.6382899,1,Not Dark Pattern,0.6382899
" To enable notifications, click 'Allow' when prompted. ",0.5602712,1,Not Dark Pattern,0.5602712
 View All Shoes ,0.7363909,1,Not Dark Pattern,0.7363909
 Add to Wish List Add to Compare ,0.46268365,0,Not Dark Pattern,0.46268365
 Men's Apparel Collection ,0.7420345,1,Not Dark Pattern,0.7420345
Coin Necklace ,0.5932494,1,Not Dark Pattern,0.5932494
 WANNA COLLAB? ,0.15161468,0,Confirmshaming,0.49935877
 adidas Originals Stan Smith ,0.7165859,1,Not Dark Pattern,0.7165859
 Track your order by entering your order number and email below or if you would like to create an account or log in (click here) ,0.627798,1,Not Dark Pattern,0.627798
Crystal Lotus Sriyantras ,0.79276943,1,Not Dark Pattern,0.79276943
 Air Purifying Plants ,0.61804926,1,Not Dark Pattern,0.61804926
 Redeem Gift Certificates ,0.5019058,1,Not Dark Pattern,0.5019058
New In ,0.7183718,1,Not Dark Pattern,0.7183718
 Added to Favorites ,0.31450197,0,Not Dark Pattern,0.31450197
 Show Password ,0.63366926,1,Not Dark Pattern,0.63366926
 Motocross Boots ,0.7099636,1,Not Dark Pattern,0.7099636
 PG Picks: Skin Care for Incontinence ,0.70697725,1,Not Dark Pattern,0.70697725
 Select shake flavor: ,0.5354513,1,Not Dark Pattern,0.5354513
 Coloured Pencils ,0.79691434,1,Not Dark Pattern,0.79691434
 Search Close ,0.66905975,1,Not Dark Pattern,0.66905975
You may cancel your VIP membership at any time by calling 1-866-337-0906 (open 24/7).,0.081042565,0,Pressured Selling,0.35558838
 Exclusive offers & discounts for club members via email ,0.37759215,0,Not Dark Pattern,0.37759215
 Kyanite Beads ,0.693254,1,Not Dark Pattern,0.693254
 OH SHIP! Looks like that page wasn't found ,0.7301727,1,Not Dark Pattern,0.7301727
 Related Categories ,0.8567844,1,Not Dark Pattern,0.8567844
 First to know about upcoming tastings & events ,0.6999075,1,Not Dark Pattern,0.6999075
 Crystal Beads ,0.78625685,1,Not Dark Pattern,0.78625685
" Brilliant! Chose what I wanted, and came a week later. Very happy with my purchase ",0.622664,1,Not Dark Pattern,0.622664
Anniversary Gifts ,0.7496313,1,Not Dark Pattern,0.7496313
 Cosmic Rainbow ,0.7974488,1,Not Dark Pattern,0.7974488
 View In Your Room ,0.17453703,0,Activity Notifications,0.4466171
 Contact Support ,0.7476607,1,Not Dark Pattern,0.7476607
 All Clothing ,0.7828497,1,Not Dark Pattern,0.7828497
 Tights ,0.77588475,1,Not Dark Pattern,0.77588475
 Read More ,0.7805544,1,Not Dark Pattern,0.7805544
 æ‰‹éŒ¶ / Watches ,0.7336652,1,Not Dark Pattern,0.7336652
 Data Processor Privacy Policy: https://www.appnexus.com/corporate-privacy-policy ,0.76887864,1,Not Dark Pattern,0.76887864
 Maker Faire News ,0.80142885,1,Not Dark Pattern,0.80142885
"â—ŠAfter 1 year, subscription auto renews with fee. Review your iFitÂ® Coach account on a computer, tablet, smartphone, or equipment console.",0.082964435,0,Trick Questions,0.29865324
 Sweats ,0.8204763,1,Not Dark Pattern,0.8204763
 No reviews yet Write a review ,0.77991474,1,Not Dark Pattern,0.77991474
 Excellent service all round ,0.68999296,1,Not Dark Pattern,0.68999296
 to read up about,0.8294015,1,Not Dark Pattern,0.8294015
 Rs INR ,0.6103069,1,Not Dark Pattern,0.6103069
 Soft Toys ,0.7935548,1,Not Dark Pattern,0.7935548
" -- Preeti Shenoy, author of THE RULE BREAKERS",0.6692551,1,Not Dark Pattern,0.6692551
 Outdoor Recreation ,0.82133067,1,Not Dark Pattern,0.82133067
 Glows In The Dark ,0.79000914,1,Not Dark Pattern,0.79000914
 My Project Lists ,0.660941,1,Not Dark Pattern,0.660941
 Sign In / Join ,0.53977364,1,Not Dark Pattern,0.53977364
 Item added to cart. View cart and check out. Close ,0.10893062,0,Pressured Selling,0.20331146
 V-neck Casual Loose Vintage Print Short Sleeve T-shirt ,0.7314923,1,Not Dark Pattern,0.7314923
 Year of Ours ,0.6299565,1,Not Dark Pattern,0.6299565
 Circa Punches ,0.7579467,1,Not Dark Pattern,0.7579467
 PopGrip Antimicrobial Refine by Product Type: PopGrip Antimicrobial ,0.7222357,1,Not Dark Pattern,0.7222357
 End Tables,0.2092358,0,Not Dark Pattern,0.2092358
 All Brands A-Z ,0.7896909,1,Not Dark Pattern,0.7896909
 Round Neck Casual Loose Patchwork Printed Short Sleeve Blouse ,0.73024887,1,Not Dark Pattern,0.73024887
 PAVILION LONG SLEEVE SHIRT DRESS Cornflower Stripe ,0.7150536,1,Not Dark Pattern,0.7150536
"ONLY $1.99 FOR YOUR FIRST SIX MONTHS, THEN EACH YEAR YOUR MEMBERSHIP WILL AUTOMATICALLY RENEW FOR $39.99 AND BE CHARGED TO YOUR CREDIT/DEBIT CARD ON FILE. CANCEL YOUR VIP MEMBERSHIP ANY TIME TO RECEIVE A PRORATED REFUND BY CALLING (800) 543-7309. BY SUBMITTING YOUR ORDER, YOU AGREE TO THESE VIP MEMBERSHIP TERMS.",0.09694991,0,Pressured Selling,0.38649327
AromatherapyÂ ,0.7598616,1,Not Dark Pattern,0.7598616
You may cancel your membership at any time by calling us at at 855-861-2573 (6:00AM â€“ 5:00PM PST) or by emailing support@luckytacklebox.com. California residents may also cancel your subscription by accessing your Account through the Site.,0.08668509,0,Trick Questions,0.37357852
"Prior to the automatic renewal and billing, we will notify you in advance (via the email you used at the time of enrollment) of (i) the pending renewal, (ii) the then current fees and charges applicable to the Passport Program, and (iii) where you may find more information about the Passport Program. We will also send you an additional email confirming your renewal. Should you elect not to renew your Membership, you may cancel at any time prior to the renewal by emailing us at passportmembership@1800flowers.com and your credit/debit card on file with us will not be charged. A confirmation email will be sent to you.",0.14538477,0,Trick Questions,0.32165736
 Screws & Other Fixings ,0.77300537,1,Not Dark Pattern,0.77300537
 Teething Remedies ,0.8710426,1,Not Dark Pattern,0.8710426
 Moonstone Beads ,0.6986592,1,Not Dark Pattern,0.6986592
 Printed Long Sleeves Casual Blouse For Women ,0.71929675,1,Not Dark Pattern,0.71929675
 info@chainedandable.com ,0.5076686,1,Not Dark Pattern,0.5076686
 Worldwide ,0.37374642,0,Not Dark Pattern,0.37374642
 Terms of Use Privacy Policy Do Not Sell My Personal Information Request My Personal Information ,0.6763415,1,Not Dark Pattern,0.6763415
 Summer V Neck Solid Color Short Sleeve Waffle T-Shirt ,0.7282642,1,Not Dark Pattern,0.7282642
 Intercoastal Performance Pant - True Navy ,0.6099125,1,Not Dark Pattern,0.6099125
"CANCELLATION POLICY: If you are not completely satisfied with Yogi Surprise, you can cancel your membership and discontinue your monthly payments at any time. In order to cancel before you are renewed for the next shipment, you need to contact Yogi Surprise prior to the renewal date on the 14th of each month. Email: support@yogisurprise.com and weâ€™ll respond promptly. If your membership has already renewed and youâ€™d like to cancel an upcoming shipment, you must request cancellation by the 3rd of the month to be eligible for a refund. IF YOU DO NOT CANCEL PRIOR TO THE THIRD DAY OF A CALENDAR MONTH, YOU CANNOT BE REFUNDED FOR THAT MONTHâ€™S SHIPMENT. WE DO NOT OFFER REFUNDS ON BOXES THAT HAVE ALREADY BEEN SHIPPED. To request cancellation, simply click here and submit the contact form or email us: support@yogisurprise.com. Weâ€™ll get back to promptly!",0.12950037,0,Trick Questions,0.3116422
 Chair Accessories ,0.57577306,1,Not Dark Pattern,0.57577306
 Brushes ,0.66996676,1,Not Dark Pattern,0.66996676
 Need Help Finding The Right Product? ,0.4005974,0,Not Dark Pattern,0.4005974
 Optimized Patch System ,0.56494355,1,Not Dark Pattern,0.56494355
 Tracksuit,0.78310585,1,Not Dark Pattern,0.78310585
"There is no commitment and no minimum to buy. Please note exact shipment times may vary. To customize this program or future shipments, call customer service anytime at 1-800-THICKEN (844-2536).",0.10364593,0,Low-stock Messages,0.19933781
 Riding Culture Neue Lifestyle-Marke bei motoin ,0.7270469,1,Not Dark Pattern,0.7270469
 Sign in & make your visit all about you ,0.44073352,0,Not Dark Pattern,0.44073352
"There's no obligation to buy as an Xtra VIP Member, nor is there any minimum number of months or commitment for membership. You can shop or â€˜Skipâ€™ by the 5th of each month, and you can cancel your membership at any time by calling (855) SAVAGEX (open 24/7).",0.14369863,0,Trick Questions,0.21171102
 Coffee ,0.6480731,1,Not Dark Pattern,0.6480731
 Gold Refine by Color: Gold ,0.8012766,1,Not Dark Pattern,0.8012766
 Cayman Islands USD,0.35037884,0,Not Dark Pattern,0.35037884
 powered by: Cookie Information ,0.6883805,1,Not Dark Pattern,0.6883805
 Explore more styles from this printspiration ,0.856317,1,Not Dark Pattern,0.856317
"How do I cancel my membership? We are confident you will enjoy your Premium Membership. If for any reason you are not completely satisfied within the first 30 days of your paid Annual Membership, we will refund 100% of your membership fee no questions asked. After 30 days we will refund your membership fee on a pro-rated basis. There are no refunds on Monthly Memberships. To obtain a refund, please contact us at 1-855-253-0822 or by email at wwgoasubscription@program-director.net.",0.10254427,0,Trick Questions,0.25175223
Merchandise: $69.99iService Charge: $14.99 Total Before Tax: $84.98 Estimated Tax:$5.63Order Total: $90.61,0.18843572,0,Pressured Selling,0.29514065
 Shop Optics > ,0.73496217,1,Not Dark Pattern,0.73496217
" Mystic Topaz: Rings, Earrings, Necklaces and Bracelets ",0.6487311,1,Not Dark Pattern,0.6487311
 New Arrivals,0.70351005,1,Not Dark Pattern,0.70351005
 Cooling & Air Treatment ,0.76944774,1,Not Dark Pattern,0.76944774
 Sprouting ,0.794729,1,Not Dark Pattern,0.794729
 PHX Mercury ,0.7354956,1,Not Dark Pattern,0.7354956
 Our Story ,0.51188695,1,Not Dark Pattern,0.51188695
