String,Type,Predicate
"""We'd love to send you emails with offers and new products from New Balance Athletics, Inc. but if you do not wish to receive these updates, please tick this box.",Misdirection,Trick Questions
"""Your purchase entitles you to the following special""",Misdirection,Pressured Selling
$132.90 $99.00,Misdirection,Visual Interference
*** Get 50% Off Your 2nd Case OR a Canopy Screen Protector *** A 50% OFF discount will be automatically applied to the lowest priced item in your cart when you check out with more than one item! (excludes Clearance items) Click to Choose Another Item,Misdirection,Pressured Selling
ADD FOR BETTER RESULTS,Misdirection,Pressured Selling
ADD WORLD'S MOST COMFORTABLE CHAIRS,Misdirection,Pressured Selling
Add and save!,Misdirection,Pressured Selling
Add on something to make it extra special!,Misdirection,Pressured Selling
Add to Your Gift and We'll Ship it For Free!,Misdirection,Pressured Selling
"Before you check out, can we tempt you?",Misdirection,Pressured Selling
Compare at,Misdirection,Visual Interference
Competitor Price: $172.00,Misdirection,Visual Interference
Congratulations! You qualify to receive Rechargeable 10-Function Bullet Vibe for FREE!,Misdirection,Visual Interference
Customer also shopped for,Misdirection,Pressured Selling
Customers also bought,Misdirection,Pressured Selling
DON'T MISS ON THESE AWESOME ITEMS / DON'T MISS ON OUR TABLE DECORATION SYSTEM,Misdirection,Pressured Selling
Did you know that Shaver heads need replacing every 12 - 18 months? Get the Shaver Guard cleaning spray to extend its life for up to another 6 months!,Misdirection,Pressured Selling
Don't forget the essentials Get up to 2 years of accidental damage coverage with AppleCare+.,Misdirection,Pressured Selling
FANSTASTIC DEALS,Misdirection,Pressured Selling
FOR THE ULTIMATE EXPERIENCE: (Can select more than one),Misdirection,Pressured Selling
GlassGuard Warranty Do not fear breaking your glass! Add our GlassGuard warranty policy for just $3.85 and we'll insure this purchase.,Misdirection,Pressured Selling
Grab yourself a bargain!,Misdirection,Pressured Selling
How about one of these hot sellers?,Misdirection,Pressured Selling
How about these?,Misdirection,Pressured Selling
"I DON'T LIKE FREE GIFTS, NO THANKS",Misdirection,Confirmshaming
I Don't Like to Save Money,Misdirection,Confirmshaming
I WANT TO PAY MORE LATER ;),Misdirection,Confirmshaming
I already have this item. Do not add this to cart,Misdirection,Trick Questions
I do not want to protect my item,Misdirection,Confirmshaming
I don't feel lucky,Misdirection,Confirmshaming
I don't like discounts,Misdirection,Confirmshaming
I don't want a discount,Misdirection,Confirmshaming
I don't want to save money,Misdirection,Confirmshaming
I wish to Start Shopping but I don't want to receive daily email alerts about your amazing discounts on luxury brands.,Misdirection,Visual Interference
I'D RATHER PAY FULL PRICE,Misdirection,Confirmshaming
I'LL PAY FULL PRICE,Misdirection,Confirmshaming
I'd rather not save,Misdirection,Confirmshaming
I'd rather pay full price,Misdirection,Confirmshaming
I'll Shop Without A Discount,Misdirection,Confirmshaming
"If you click continue below we will be happy to tell you about discounts, money off and new products from Very by e-mail and text,
unless you tell us you DO NOT want to hear about them, by ticking here.
If you would like to receive offers from carefully selected 3rd parties, please tick here",Misdirection,Trick Questions
LIMITED TIME OFFER : Grab a Matching Pair & save up 60%!,Misdirection,Pressured Selling
LOGIN/REGISTER,Misdirection,Trick Questions
Lenscap: Damage Only,Misdirection,Pressured Selling
Let's make sure you have everything else you need,Misdirection,Pressured Selling
Limited-time Offer: Bundle a base and get 20% off,Misdirection,Pressured Selling
NO THANKS,Misdirection,Pressured Selling
"NO THANKS, I DON'T LIKE FREE STUFF",Misdirection,Confirmshaming
"NO THANKS, I DON'T WANT 20% OFF MY ORDER",Misdirection,Confirmshaming
"NO THANKS, I DON'T WANT TO SAVE",Misdirection,Confirmshaming
"NO THANKS, I DON'T WANT TO SAVE MONEY",Misdirection,Confirmshaming
"NO THANKS, I DON’T MIND MISSING OUT",Misdirection,Confirmshaming
"NO THANKS, I DON’T WANT 15% OFF",Misdirection,Confirmshaming
"NO THANKS, I'D RATHER PAY FULL PRICE",Misdirection,Confirmshaming
"NO THANKS, I'll PAY FULL PRICE",Misdirection,Confirmshaming
"NO, I DON'T FEEL LUCKY",Misdirection,Confirmshaming
"NO, I'D RATHER PAY FULL PRICE",Misdirection,Confirmshaming
"NO, I'LL PAY FULL PRICE",Misdirection,Confirmshaming
"NO, THANKS. I DON'T LIKE DISCOUNTS",Misdirection,Confirmshaming
"Nah, I like paying full price",Misdirection,Confirmshaming
"Nah, I'll pay full price",Misdirection,Confirmshaming
Necessary Protection..,Misdirection,Pressured Selling
"Nice choice. Did you know you’re missing out on these deals with the item in your cart. Suit + Shirt + Tie now $599.99* - Shop Suits, Shirts and Ties Or Get 2 Suit Packages for $1100*",Misdirection,Pressured Selling
No I don't feel lucky,Misdirection,Confirmshaming
No I'd rather not hear about exclusive offers and discounts.,Misdirection,Visual Interference
"No Thanks, I Don't Like Exclusive Offers.",Misdirection,Confirmshaming
"No Thanks, I Don't Like Saving Money.",Misdirection,Confirmshaming
"No Thanks, I Don't Want To Save",Misdirection,Confirmshaming
"No Thanks, I Don't Want a Discount",Misdirection,Confirmshaming
"No Thanks, I Don't Want a Free Gift",Misdirection,Confirmshaming
"No Thanks, I Prefer Paying Full Price",Misdirection,Confirmshaming
"No Thanks, I Prefer Paying Full Price.",Misdirection,Confirmshaming
"No Thanks, I don't like exclusive deals.",Misdirection,Confirmshaming
"No Thanks, I don't like free stuff.",Misdirection,Confirmshaming
"No Thanks, I don't want a discount",Misdirection,Confirmshaming
"No Thanks, I don't want official software at the best price.",Misdirection,Confirmshaming
"No Thanks, I like paying full price.",Misdirection,Confirmshaming
"No Thanks, I prefer not to have a protection plan",Misdirection,Confirmshaming
"No Thanks, I prefer paying full price.",Misdirection,Confirmshaming
"No Thanks, I rather pay full price",Misdirection,Confirmshaming
"No Thanks, I'd Rather Pay Full Price",Misdirection,Confirmshaming
"No Thanks, I'd rather pay full price",Misdirection,Confirmshaming
"No Thanks, I'll Pay Full Price",Misdirection,Confirmshaming
"No Thanks, I'll let this offer sail away",Misdirection,Confirmshaming
"No USB or Y-Adapter!? Our USB Sound Card is highly recommended for PC (Mac/Linux/Windows) and works with current gen consoles. The Y adapter is recommended for console gaming, phone, or other TRRS jacks.",Misdirection,Pressured Selling
"No thank you, I prefer to pay for shipping.",Misdirection,Confirmshaming
"No thank you, I prefer to pay full price",Misdirection,Confirmshaming
No thanks - I don't want to save money,Misdirection,Confirmshaming
No thanks I definitely measured correctly,Misdirection,Confirmshaming
No thanks! I don't like deals,Misdirection,Confirmshaming
"No thanks! I'd rather join the """"Pay Full Price for Things"""" club.",Misdirection,Confirmshaming
"No thanks, I despise coupons!",Misdirection,Confirmshaming
"No thanks, I don't like FREE stuff.",Misdirection,Confirmshaming
"No thanks, I don't like deals.",Misdirection,Confirmshaming
"No thanks, I don't like discounts",Misdirection,Confirmshaming
"No thanks, I don't like exclusive offers",Misdirection,Confirmshaming
"No thanks, I don't like free stuff",Misdirection,Confirmshaming
"No thanks, I don't like getting free stuff.",Misdirection,Confirmshaming
"No thanks, I don't like good deals.",Misdirection,Confirmshaming
"No thanks, I don't like promotions and exclusive content.",Misdirection,Confirmshaming
"No thanks, I don't like saving money",Misdirection,Confirmshaming
"No thanks, I don't like savings",Misdirection,Confirmshaming
"No thanks, I don't like to save",Misdirection,Confirmshaming
"No thanks, I don't like winning",Misdirection,Confirmshaming
"No thanks, I don't like winning.",Misdirection,Confirmshaming
"No thanks, I don't want 15% off",Misdirection,Confirmshaming
"No thanks, I don't want a free gift.",Misdirection,Confirmshaming
"No thanks, I don't want any deals",Misdirection,Confirmshaming
"No thanks, I don't want discount",Misdirection,Confirmshaming
"No thanks, I don't want the free gift.",Misdirection,Confirmshaming
"No thanks, I don't want to build one.. I'd rather kick rocks!",Misdirection,Confirmshaming
"No thanks, I don't want to look my best",Misdirection,Confirmshaming
"No thanks, I don't want to save up to 75%",Misdirection,Confirmshaming
"No thanks, I dont want a discount",Misdirection,Confirmshaming
"No thanks, I don’t like fun and games.",Misdirection,Confirmshaming
"No thanks, I don’t like saving money.",Misdirection,Confirmshaming
"No thanks, I don’t want to save",Misdirection,Confirmshaming
"No thanks, I hate cool stuff",Misdirection,Confirmshaming
"No thanks, I hate saving money",Misdirection,Confirmshaming
"No thanks, I just want the item",Misdirection,Pressured Selling
"No thanks, I like full price",Misdirection,Confirmshaming
"No thanks, I like paying full price",Misdirection,Confirmshaming
"No thanks, I prefer to pay full price.",Misdirection,Confirmshaming
"No thanks, I prefer to pay more for shoes!",Misdirection,Confirmshaming
"No thanks, I want to pay full price",Misdirection,Confirmshaming
"No thanks, I want to pay the full price.",Misdirection,Confirmshaming
"No thanks, I will pay full price.",Misdirection,Confirmshaming
"No thanks, I'd like 0% off",Misdirection,Confirmshaming
"No thanks, I'd rather pay full price.",Misdirection,Confirmshaming
"No thanks, I'd rather pay more",Misdirection,Confirmshaming
"No thanks, I'll be the last to know.",Misdirection,Confirmshaming
"No thanks, I'll just pay full price.",Misdirection,Confirmshaming
"No thanks, I'll pay full price",Misdirection,Confirmshaming
"No thanks, I'll pay full price!",Misdirection,Confirmshaming
"No thanks, I'll still want to pay full price",Misdirection,Confirmshaming
"No thanks, I'm not interested",Misdirection,Confirmshaming
"No thanks, I'm not interested in saving money.",Misdirection,Confirmshaming
"No thanks, I've got too much cool Glock stuff!",Misdirection,Confirmshaming
"No thanks, I’d rather not win.",Misdirection,Confirmshaming
"No thanks, I’d rather pay full price.",Misdirection,Confirmshaming
"No thanks, I’d rather pay more",Misdirection,Confirmshaming
"No thanks, I’ll skip this amazing super-saver deal. I don’t need so many beautiful textures",Misdirection,Confirmshaming
"No thanks, free stuff isn't for me.",Misdirection,Confirmshaming
No thanks. I don't like free things...,Misdirection,Confirmshaming
No thanks. I don’t want deals.,Misdirection,Confirmshaming
No thanks. I don’t want to save money.,Misdirection,Confirmshaming
No thanks. I love chaos!,Misdirection,Confirmshaming
No thanks. I prefer paying full price.,Misdirection,Confirmshaming
No thanks. I'd rather pay full price.,Misdirection,Confirmshaming
"No, I Don't Like Discounts",Misdirection,Confirmshaming
"No, I don't feel lucky",Misdirection,Confirmshaming
"No, I don't feel lucky.",Misdirection,Confirmshaming
"No, I don't want a discount",Misdirection,Confirmshaming
"No, I don't want great deals.",Misdirection,Confirmshaming
"No, I'd rather do it the hard way...",Misdirection,Confirmshaming
"No, I'd rather pay full price.",Misdirection,Confirmshaming
"No, I'll rather pay full price.",Misdirection,Confirmshaming
"No, thank you. I prefer to pay the full price",Misdirection,Confirmshaming
"No, thanks, I´d rather pay more",Misdirection,Confirmshaming
"No, thanks. I don't like great deals.",Misdirection,Confirmshaming
"No, thanks. I'd prefer not to save.",Misdirection,Confirmshaming
"No, thanks. I'd rather pay full price.",Misdirection,Confirmshaming
OUR BEST SELLING GOGGLE,Misdirection,Pressured Selling
Order without free membership $69.95,Misdirection,Visual Interference
Other Items On Special Offer:,Misdirection,Pressured Selling
"PROTECT YOUR SOFA! Your Humblebum Sofa in Thatch house fabric will look wicked! Why not add Castelan Fabric Protection to cover your new squish machine against wine spillages, messy TV dinners, and other disasters for just just £80?",Misdirection,Pressured Selling
People also buy this with,Misdirection,Pressured Selling
Personalize your doll,Misdirection,Pressured Selling
Professional Color Tool Kit / Addons,Misdirection,Pressured Selling
Protect Your Gear,Misdirection,Pressured Selling
Save $148.98AUD – 49% Off,Misdirection,Visual Interference
Score! You've Qualified for a Checkout Bonus,Misdirection,Pressured Selling
Spin to unlock your mystery offer,Misdirection,Visual Interference
Subscribe & Save,Misdirection,Pressured Selling
Subscribe & Save (15%): $ 16.99,Misdirection,Pressured Selling
"THE COMPETITION $1,299.99",Misdirection,Visual Interference
TWO FREE PILLOWS AND 30% OFF WITH PROMO CODE,Misdirection,Visual Interference
This offer is only VALID if you add to cart now!,Misdirection,Visual Interference
Tick here if you do not want to receive Promotional Offers by Post Tick here if you do wish to receive Promotional Offers by email and/or SMS Tick here if you would like to receive Offers from selected third parties,Misdirection,Trick Questions
Uncheck the box if you prefer not to receive email updates.,Misdirection,Trick Questions
Want Free Shipping?,Misdirection,Trick Questions
Want a special deal? Bundle and SAVE UPTO30%,Misdirection,Pressured Selling
Want to add one of these?,Misdirection,Pressured Selling
"We'd like to keep you informed via email about product updates, upgrades, special offers and pricing. If you do not wish to be contacted via email, please ensure that the box is not checked.",Misdirection,Trick Questions
"We'd like to send you weekly emails packed full of our lovely products, clearance goodies and cool stuff to win. You can unsubscribe at any time. If you DON'T want to receive these emails, please tick this box. We'd like to send you the occasional brochure so you can get a regular fix of our lovely product! You can unsubscribe at any time. If you DON'T want to receive these brochures, please tick this box. We'd like to introduce you to other brands you might love who will post you the occasional brochure. You can opt out of this at any time. If you DON'T want to receive these brochures, please tick this box.",Misdirection,Trick Questions
With 1-year Care Subscription 10 days history,Misdirection,Pressured Selling
Would you like to buy more and save more?,Misdirection,Pressured Selling
Would you like to purchase an Extended Protection Plan?,Misdirection,Pressured Selling
Yes! Upgrade my purchase,Misdirection,Pressured Selling
"Yes, I Want To Save Money!No Thanks",Misdirection,Confirmshaming
"You choose: just one box, or a  Madison Reed Membership?",Misdirection,Pressured Selling
"[NO THANKS, I'LL JUST WALK]",Misdirection,Confirmshaming
nan,Misdirection,Pressured Selling
"no thanks, I don't like to save",Misdirection,Confirmshaming
"no thanks, I hate fun & games",Misdirection,Confirmshaming
"no thanks, I like paying full price",Misdirection,Confirmshaming
"no thanks, I'll save money another day",Misdirection,Confirmshaming
(5 Left),Scarcity,Low-stock Message
(ONLY 1 LEFT IN THIS SIZE!),Scarcity,Low-stock Message
(Only 1 Left),Scarcity,Low-stock Message
(Only 1 left!),Scarcity,Low-stock Message
(Only 5 Left),Scarcity,Low-stock Message
(only 5 left),Scarcity,Low-stock Message
*Only 2 left in stock. Don't miss out!,Scarcity,Low-stock Message
1 LEFT,Scarcity,Low-stock Message
1 LEFT IN THIS SIZE,Scarcity,Low-stock Message
1 Left,Scarcity,Low-stock Message
1 in Stock,Scarcity,Low-stock Message
1 in stock,Scarcity,Low-stock Message
1 item left,Scarcity,Low-stock Message
1 left at this price,Scarcity,Low-stock Message
1 left in stock,Scarcity,Low-stock Message
1 left in stock. Hurry!,Scarcity,Low-stock Message
"1 left, order now!",Scarcity,Low-stock Message
10 Left,Scarcity,Low-stock Message
10 Left in stock,Scarcity,Low-stock Message
10 SEATS LEFT,Scarcity,Low-stock Message
"128 sold today! Hurry, only a few left!",Scarcity,Low-stock Message
167 piece(s) left for this promo,Scarcity,Low-stock Message
18 In Stock,Scarcity,Low-stock Message
2 LEFT,Scarcity,Low-stock Message
2 in stock,Scarcity,Low-stock Message
2 items left,Scarcity,Low-stock Message
2 left,Scarcity,Low-stock Message
2 left in stock,Scarcity,Low-stock Message
20 units left,Scarcity,Low-stock Message
23% left in stock!,Scarcity,Low-stock Message
3 LEFT,Scarcity,Low-stock Message
3 Left,Scarcity,Low-stock Message
3 Left!,Scarcity,Low-stock Message
3 items left,Scarcity,Low-stock Message
3 left,Scarcity,Low-stock Message
3 left in stock,Scarcity,Low-stock Message
320 items left,Scarcity,Low-stock Message
4 SEATS LEFT,Scarcity,Low-stock Message
4 items left,Scarcity,Low-stock Message
5 LEFT,Scarcity,Low-stock Message
5 in stock,Scarcity,Low-stock Message
5 items left,Scarcity,Low-stock Message
5 left,Scarcity,Low-stock Message
6 items left! Order soon.,Scarcity,Low-stock Message
67% offers claimed. Hurry up!,Scarcity,Low-stock Message
7 left in stock,Scarcity,Low-stock Message
70% offers claimed. Hurry up!,Scarcity,Low-stock Message
72% offers claimed. Hurry up!,Scarcity,Low-stock Message
74% offers claimed. Hurry up!,Scarcity,Low-stock Message
8 items left,Scarcity,Low-stock Message
80% offers claimed. Hurry up!,Scarcity,Low-stock Message
"803 Claimed! Hurry, only a few left!",Scarcity,Low-stock Message
83% offers claimed. Hurry up!,Scarcity,Low-stock Message
87% offers claimed. Hurry up!,Scarcity,Low-stock Message
89% offers claimed. Hurry up!,Scarcity,Low-stock Message
"894 Claimed! Hurry, only a few left!",Scarcity,Low-stock Message
9 items left,Scarcity,Low-stock Message
90% offers claimed. Hurry up!,Scarcity,Low-stock Message
94% offers claimed. Hurry up!,Scarcity,Low-stock Message
96 ITEM(S) LEFT IN STOCK!,Scarcity,Low-stock Message
ALMOST GONE - only 2 remaining!,Scarcity,Low-stock Message
AN ITEM IN YOUR CART IS SELLING OUT QUICKLY,Scarcity,High-demand Message
Almost Sold Out! Only 2 Left.,Scarcity,Low-stock Message
Almost gone! Only 3 left In Stock,Scarcity,Low-stock Message
"An item you ordered is in high demand. No worries, we have prioritized your order.",Scarcity,High-demand Message
"An item you ordered is in high demand. No worries, we have reserved your order.",Scarcity,High-demand Message
Availability: 5 items left,Scarcity,Low-stock Message
Availability: In Stock Hurry! Only 8 Left!,Scarcity,Low-stock Message
Availability: Low Stock,Scarcity,Low-stock Message
Availability: Low Stock 4 Remaining,Scarcity,Low-stock Message
Availability: Low in stock today,Scarcity,Low-stock Message
Availability: Only 1 Left,Scarcity,Low-stock Message
Availability: Only 4 Left!,Scarcity,Low-stock Message
"Available, only 2 left",Scarcity,Low-stock Message
BOTTLES LEFT 3,Scarcity,Low-stock Message
Clearance! Only 4 left in stock.,Scarcity,Low-stock Message
Currently 8 left in stock.,Scarcity,Low-stock Message
Currently less than 10 available,Scarcity,Low-stock Message
Don't miss out on this item! There is only 1 left in stock.,Scarcity,Low-stock Message
"Don't miss out, only 2 left in stock",Scarcity,Low-stock Message
"Don't snooze, only 1 left",Scarcity,Low-stock Message
"Due To HIGH Demand, Cart Expires In: 08:41",Scarcity,High-demand Message
Extremely high demand: expect 2-4 weeks for it to arrive (to be safe). Limit 4 per person!,Scarcity,High-demand Message
Fewer than 5 left!,Scarcity,Low-stock Message
Going Fast: Limited Quantities Left!,Scarcity,Low-stock Message
HIGH DEMAND,Scarcity,High-demand Message
HURRY ONLY 1 ITEM LEFT!,Scarcity,Low-stock Message
HURRY ONLY 9 LEFT IN STOCK!,Scarcity,Low-stock Message
HURRY! 3 left in stock!,Scarcity,Low-stock Message
HURRY! LESS THAN 129 LEFT.,Scarcity,Low-stock Message
HURRY! ONLY 1 IN STOCK!,Scarcity,Low-stock Message
HURRY! ONLY 11 LEFT IN STOCK.,Scarcity,Low-stock Message
HURRY! ONLY 14 LEFT IN STOCK.,Scarcity,Low-stock Message
HURRY! ONLY 19 LEFT IN STOCK.,Scarcity,Low-stock Message
HURRY! ONLY 2 LEFT IN STOCK!,Scarcity,Low-stock Message
HURRY! ONLY 2 LEFT!,Scarcity,Low-stock Message
HURRY! ONLY 31 LEFT IN STOCK.,Scarcity,Low-stock Message
HURRY! ONLY 58 LEFT IN STOCK!,Scarcity,Low-stock Message
HURRY! Only a few left in stock!,Scarcity,Low-stock Message
"HURRY, LOW IN STOCK!",Scarcity,Low-stock Message
"HURRY, ONLY 1 LEFT!",Scarcity,Low-stock Message
"HURRY, THERE ARE ONLY 9 ITEM(S) LEFT!",Scarcity,Low-stock Message
High demand,Scarcity,High-demand Message
Hurry !! Only 52 left in stock,Scarcity,Low-stock Message
Hurry Low Stock,Scarcity,Low-stock Message
Hurry Up ! Just 2 Items Left in stock,Scarcity,Low-stock Message
Hurry Up! Only 1 Piece Left,Scarcity,Low-stock Message
Hurry only 1 left!,Scarcity,Low-stock Message
Hurry only 2 left,Scarcity,Low-stock Message
Hurry only 8 items left!,Scarcity,Low-stock Message
Hurry up! Only 11 items left,Scarcity,Low-stock Message
Hurry up! Only 4 left in stock,Scarcity,Low-stock Message
Hurry! 1 items left!,Scarcity,Low-stock Message
Hurry! Almost Sold Out...,Scarcity,Low-stock Message
Hurry! Less than 10 left!,Scarcity,Low-stock Message
Hurry! Limited Quantity Available.,Scarcity,Low-stock Message
Hurry! Only 1 Left In Stock,Scarcity,Low-stock Message
Hurry! Only 1 Pair left!,Scarcity,Low-stock Message
Hurry! Only 1 left in size M!!,Scarcity,Low-stock Message
Hurry! Only 1 left in stock,Scarcity,Low-stock Message
Hurry! Only 1 left!,Scarcity,Low-stock Message
Hurry! Only 15 left!,Scarcity,Low-stock Message
Hurry! Only 2 Left,Scarcity,Low-stock Message
Hurry! Only 2 left,Scarcity,Low-stock Message
Hurry! Only 2 left at this price!,Scarcity,Low-stock Message
Hurry! Only 2 left in stock,Scarcity,Low-stock Message
Hurry! Only 2 left in stock!,Scarcity,Low-stock Message
Hurry! Only 2 left!,Scarcity,Low-stock Message
Hurry! Only 3 Left In Stock.,Scarcity,Low-stock Message
Hurry! Only 4 left in stock.,Scarcity,Low-stock Message
Hurry! Only 6 left in stock,Scarcity,Low-stock Message
Hurry! Only 6 left in stock!,Scarcity,Low-stock Message
Hurry! Only 6 left in stock.,Scarcity,Low-stock Message
Hurry! Only 7 left,Scarcity,Low-stock Message
Hurry! Only 7 left in stock.,Scarcity,Low-stock Message
Hurry! Only 9 left in stock.,Scarcity,Low-stock Message
Hurry! Only Limited Items Left,Scarcity,Low-stock Message
Hurry! Only a few of these left,Scarcity,Low-stock Message
"Hurry, Only 4 Left In Stock. Buy Now!",Scarcity,Low-stock Message
"Hurry, Only a few left!",Scarcity,Low-stock Message
"Hurry, limited quantities left!",Scarcity,Low-stock Message
"Hurry, only 1 left in stock!",Scarcity,Low-stock Message
"Hurry, only 1 left!",Scarcity,Low-stock Message
"Hurry, only 2 left in stock",Scarcity,Low-stock Message
"Hurry, only 2 left in stock!",Scarcity,Low-stock Message
"Hurry, only 3 left!",Scarcity,Low-stock Message
"Hurry, only 302 left.",Scarcity,Low-stock Message
"Hurry, only 5 left",Scarcity,Low-stock Message
"Hurry, only 6 left in stock!",Scarcity,Low-stock Message
"Hurry, only a few left!",Scarcity,Low-stock Message
"Hurry, this style is selling fast!",Scarcity,High-demand Message
IN HIGH DEMAND!,Scarcity,High-demand Message
In Stock (8) Left,Scarcity,Low-stock Message
In Stock - Limited Quantity,Scarcity,Low-stock Message
In Stock Only 5 left!,Scarcity,Low-stock Message
In Stock only 3 left,Scarcity,Low-stock Message
"In Stock, Only 1 Left!",Scarcity,Low-stock Message
In Stock. Only 1 Left!,Scarcity,Low-stock Message
In demand,Scarcity,High-demand Message
In stock | 44 left,Scarcity,Low-stock Message
"In stock, only 1 products left",Scarcity,Low-stock Message
Items in your cart are in VERY high-demand.,Scarcity,High-demand Message
"Items in your cart are in high demand, but we have reserved your order.",Scarcity,High-demand Message
Items in your cart are in high demand.,Scarcity,High-demand Message
Items in your cart are in high demand. But we have reserved your order.,Scarcity,High-demand Message
Items in your cart are selling fast,Scarcity,High-demand Message
JUST 1 LEFT!,Scarcity,Low-stock Message
LAST 1 LEFT,Scarcity,Low-stock Message
LAST CHANCE TO ACTIVATE 10% OFF,Scarcity,Low-stock Message
LESS THAN 5 LEFT!,Scarcity,Low-stock Message
LESS THAN 8 LEFT IN STOCK!,Scarcity,Low-stock Message
LIMITED QUANTITY,Scarcity,Low-stock Message
LIVE REMAINING STOCK,Scarcity,Low-stock Message
LOW IN STOCK!! GET YOURS NOW,Scarcity,Low-stock Message
"LOW IN STOCK, only 2 left",Scarcity,Low-stock Message
LOW STOCK (ONLY 10 LEFT!),Scarcity,Low-stock Message
LOW STOCK: Only 1 left.,Scarcity,Low-stock Message
Last 1 in stock,Scarcity,Low-stock Message
Last 1 left,Scarcity,Low-stock Message
Last chance! Only 1 left,Scarcity,Low-stock Message
Last one available,Scarcity,Low-stock Message
Less than 10 left in stock,Scarcity,Low-stock Message
Less than 10 left!,Scarcity,Low-stock Message
Less than 6 items left,Scarcity,Low-stock Message
Less than 7 left!,Scarcity,Low-stock Message
Limited Availability,Scarcity,Low-stock Message
Limited Quantity,Scarcity,Low-stock Message
Limited Quantity Available,Scarcity,Low-stock Message
Limited Stock,Scarcity,Low-stock Message
Limited Stock!,Scarcity,Low-stock Message
Limited quantity available,Scarcity,Low-stock Message
Limited quantity remaining,Scarcity,Low-stock Message
Limited quantity!,Scarcity,Low-stock Message
Limited stock Only 2 left,Scarcity,Low-stock Message
Limited stock available,Scarcity,Low-stock Message
Limited stock!,Scarcity,Low-stock Message
Limited-time Deal,Scarcity,Low-stock Message
Low In Stock Today,Scarcity,Low-stock Message
Low Stock,Scarcity,Low-stock Message
Low Stock Alert: Only 8 left in inventory,Scarcity,Low-stock Message
Low Stock Only 2 left,Scarcity,Low-stock Message
Low Stock – Selling Fast,Scarcity,Low-stock Message
Low Stock! Only 3 left.,Scarcity,Low-stock Message
Low in stock,Scarcity,Low-stock Message
Low in stock: only 1 left.,Scarcity,Low-stock Message
Low in stock: only 2 left.,Scarcity,Low-stock Message
"ONCE IT'S GONE, IT'S GONE",Scarcity,High-demand Message
ONLY 1 ITEM LEFT,Scarcity,Low-stock Message
ONLY 1 ITEM LEFT!,Scarcity,Low-stock Message
ONLY 1 LEFT,Scarcity,Low-stock Message
ONLY 1 LEFT IN STOCK,Scarcity,Low-stock Message
ONLY 1 LEFT IN STOCK!,Scarcity,Low-stock Message
ONLY 1 LEFT IN THIS SIZE,Scarcity,Low-stock Message
ONLY 1 LEFT!,Scarcity,Low-stock Message
ONLY 1 LEFT! GET IT NOW!,Scarcity,Low-stock Message
ONLY 1 REMAINING,Scarcity,Low-stock Message
ONLY 1 WATCH LEFT,Scarcity,Low-stock Message
ONLY 11 LEFT,Scarcity,Low-stock Message
ONLY 12.5M LEFT IN STOCK!,Scarcity,Low-stock Message
ONLY 13 LEFT,Scarcity,Low-stock Message
ONLY 14 LEFT AT THIS PRICE,Scarcity,Low-stock Message
ONLY 2 LEFT,Scarcity,Low-stock Message
ONLY 2 LEFT IN STOCK!,Scarcity,Low-stock Message
ONLY 20 LEFT IN STOCK,Scarcity,Low-stock Message
ONLY 3 LEFT,Scarcity,Low-stock Message
ONLY 3 LEFT IN STOCK!,Scarcity,Low-stock Message
ONLY 3 LEFT IN STOCK.,Scarcity,Low-stock Message
ONLY 3 LEFT! GET IT NOW!,Scarcity,Low-stock Message
ONLY 4 LEFT,Scarcity,Low-stock Message
ONLY 4 LEFT IN STOCK,Scarcity,Low-stock Message
ONLY 4 LEFT!,Scarcity,Low-stock Message
ONLY 5 LEFT,Scarcity,Low-stock Message
ONLY 5 LEFT IN STOCK,Scarcity,Low-stock Message
ONLY 5 LEFT IN STOCK!,Scarcity,Low-stock Message
ONLY 5 LEFT!,Scarcity,Low-stock Message
"ONLY 5 LEFT, HURRY!",Scarcity,Low-stock Message
"ONLY 5 LEFT, ORDER SOON!",Scarcity,Low-stock Message
ONLY 52 items left in stock!,Scarcity,Low-stock Message
ONLY 7 LEFT!,Scarcity,Low-stock Message
ONLY 8 LEFT,Scarcity,Low-stock Message
ONLY 9 LEFT,Scarcity,Low-stock Message
ONLY A FEW LEFT,Scarcity,Low-stock Message
ONLY A FEW LEFT IN STOCK,Scarcity,Low-stock Message
ONLY A FEW LEFT!,Scarcity,Low-stock Message
Only 1 Item Left!,Scarcity,Low-stock Message
Only 1 Item(s) left,Scarcity,Low-stock Message
Only 1 Left,Scarcity,Low-stock Message
Only 1 Left !,Scarcity,Low-stock Message
Only 1 Left in Stock!,Scarcity,Low-stock Message
Only 1 Left in Stock. Buy Soon!,Scarcity,Low-stock Message
Only 1 Left in this Size!,Scarcity,Low-stock Message
Only 1 Left!,Scarcity,Low-stock Message
Only 1 in stock,Scarcity,Low-stock Message
Only 1 item left,Scarcity,Low-stock Message
Only 1 item left in stock,Scarcity,Low-stock Message
Only 1 item left!,Scarcity,Low-stock Message
Only 1 item(s) left in stock,Scarcity,Low-stock Message
Only 1 items left,Scarcity,Low-stock Message
Only 1 items left in stock!,Scarcity,Low-stock Message
Only 1 left,Scarcity,Low-stock Message
"Only 1 left , In Stock",Scarcity,Low-stock Message
Only 1 left In Stock,Scarcity,Low-stock Message
Only 1 left in Stock,Scarcity,Low-stock Message
Only 1 left in Stock!,Scarcity,Low-stock Message
Only 1 left in online stock,Scarcity,Low-stock Message
Only 1 left in stock,Scarcity,Low-stock Message
Only 1 left in stock - Order soon,Scarcity,Low-stock Message
Only 1 left in stock!,Scarcity,Low-stock Message
Only 1 left in stock! Get in quick!,Scarcity,Low-stock Message
Only 1 left in stock! Order soon!,Scarcity,Low-stock Message
Only 1 left in stock.,Scarcity,Low-stock Message
Only 1 left!,Scarcity,Low-stock Message
Only 1 left.,Scarcity,Low-stock Message
Only 1 piece left.,Scarcity,Low-stock Message
Only 1 products left,Scarcity,Low-stock Message
Only 1 unit left in stock,Scarcity,Low-stock Message
Only 1.75 yards left in stock!,Scarcity,Low-stock Message
Only 10 left in stock,Scarcity,Low-stock Message
Only 11 Left In Stock,Scarcity,Low-stock Message
Only 11 left!,Scarcity,Low-stock Message
Only 13 left!,Scarcity,Low-stock Message
Only 14 left,Scarcity,Low-stock Message
Only 14 left in stock,Scarcity,Low-stock Message
Only 14 left!,Scarcity,Low-stock Message
Only 15 left in stock,Scarcity,Low-stock Message
Only 16 Left in Stock!,Scarcity,Low-stock Message
Only 16531 items left in stock!,Scarcity,Low-stock Message
Only 2 Left,Scarcity,Low-stock Message
Only 2 Left In Stock,Scarcity,Low-stock Message
Only 2 Left in Stock,Scarcity,Low-stock Message
Only 2 Left!,Scarcity,Low-stock Message
Only 2 copies left,Scarcity,Low-stock Message
Only 2 items left,Scarcity,Low-stock Message
Only 2 items left in stock.,Scarcity,Low-stock Message
Only 2 left,Scarcity,Low-stock Message
Only 2 left in stock,Scarcity,Low-stock Message
Only 2 left in stock!,Scarcity,Low-stock Message
Only 2 left in stock. Make it yours.,Scarcity,Low-stock Message
Only 2 left!,Scarcity,Low-stock Message
"Only 2 left, order soon",Scarcity,Low-stock Message
Only 2 left.,Scarcity,Low-stock Message
Only 2 stock available,Scarcity,Low-stock Message
Only 2 units left in stock,Scarcity,Low-stock Message
Only 2 units left!,Scarcity,Low-stock Message
Only 20 left,Scarcity,Low-stock Message
Only 22 left in stock!,Scarcity,Low-stock Message
Only 25 Deals left,Scarcity,Low-stock Message
Only 26 Left,Scarcity,Low-stock Message
Only 3 Left,Scarcity,Low-stock Message
Only 3 Left In Stock,Scarcity,Low-stock Message
Only 3 Left in Stock!,Scarcity,Low-stock Message
Only 3 Left!,Scarcity,Low-stock Message
Only 3 Left! Get it before it`s gone!,Scarcity,Low-stock Message
Only 3 available,Scarcity,Low-stock Message
Only 3 items left,Scarcity,Low-stock Message
Only 3 left,Scarcity,Low-stock Message
"Only 3 left , In Stock",Scarcity,Low-stock Message
Only 3 left In Stock,Scarcity,Low-stock Message
Only 3 left in stock,Scarcity,Low-stock Message
Only 3 left in stock!,Scarcity,Low-stock Message
Only 3 left in stock.,Scarcity,Low-stock Message
Only 3 left!,Scarcity,Low-stock Message
"Only 3 left, order soon",Scarcity,Low-stock Message
Only 3 left.,Scarcity,Low-stock Message
Only 3 pieces in stock!,Scarcity,Low-stock Message
Only 32 left in stock,Scarcity,Low-stock Message
Only 33 left,Scarcity,Low-stock Message
Only 34 Left!,Scarcity,Low-stock Message
Only 4 Left!,Scarcity,Low-stock Message
Only 4 copies left,Scarcity,Low-stock Message
Only 4 items left in stock.,Scarcity,Low-stock Message
Only 4 left,Scarcity,Low-stock Message
Only 4 left In Stock,Scarcity,Low-stock Message
Only 4 left at this price,Scarcity,Low-stock Message
Only 4 left in stock,Scarcity,Low-stock Message
Only 4 left in this size!,Scarcity,Low-stock Message
Only 4 left!,Scarcity,Low-stock Message
Only 4 unit(s) available!,Scarcity,Low-stock Message
Only 498 left,Scarcity,Low-stock Message
Only 5 Left,Scarcity,Low-stock Message
Only 5 Left in Stock. Buy Soon!,Scarcity,Low-stock Message
Only 5 item(s) left.,Scarcity,Low-stock Message
Only 5 left,Scarcity,Low-stock Message
"Only 5 left , In Stock",Scarcity,Low-stock Message
Only 5 left in stock,Scarcity,Low-stock Message
Only 5 left!,Scarcity,Low-stock Message
Only 5 pcs left!,Scarcity,Low-stock Message
Only 6 items left,Scarcity,Low-stock Message
Only 6 left,Scarcity,Low-stock Message
Only 65 Items Left.,Scarcity,Low-stock Message
Only 69 left!,Scarcity,Low-stock Message
Only 7 in Stock!,Scarcity,Low-stock Message
Only 7 left,Scarcity,Low-stock Message
Only 7 left in stock!,Scarcity,Low-stock Message
Only 7 left in stock.,Scarcity,Low-stock Message
Only 7 left!,Scarcity,Low-stock Message
Only 8 Left!,Scarcity,Low-stock Message
Only 8 item(s) left,Scarcity,Low-stock Message
Only 8 item(s) left.,Scarcity,Low-stock Message
Only 8 items left in stock!,Scarcity,Low-stock Message
Only 8 left,Scarcity,Low-stock Message
Only 8 left in stock,Scarcity,Low-stock Message
Only 8 left in stock. Almost Gone!,Scarcity,Low-stock Message
Only 8 left!,Scarcity,Low-stock Message
Only 82 left in stock!,Scarcity,Low-stock Message
Only 867 left,Scarcity,Low-stock Message
Only 9 Left!,Scarcity,Low-stock Message
Only 9 Left.,Scarcity,Low-stock Message
Only 9 items left!,Scarcity,Low-stock Message
Only 9 left,Scarcity,Low-stock Message
Only 9 left in stock,Scarcity,Low-stock Message
Only 9 left!,Scarcity,Low-stock Message
Only 9 units left in stock online.,Scarcity,Low-stock Message
Only A Few Left,Scarcity,Low-stock Message
Only a few left,Scarcity,Low-stock Message
Only a few left of this product!,Scarcity,Low-stock Message
Only a few left!,Scarcity,Low-stock Message
Only a few more left!,Scarcity,Low-stock Message
Only few items left in stock,Scarcity,Low-stock Message
Only one item left in stock!,Scarcity,Low-stock Message
Only one left in stock - order soon!,Scarcity,Low-stock Message
Only: 9 in stock now,Scarcity,Low-stock Message
"Order now, only 2 left in stock!",Scarcity,Low-stock Message
"Order soon, only 1 left!",Scarcity,Low-stock Message
"Our items sell fast, don't miss out!",Scarcity,High-demand Message
Over 500 left in stock,Scarcity,Low-stock Message
Please note all products are made in limited quantities and we rarely restock - checkout now so you don't miss out!,Scarcity,Low-stock Message
Pre-order 3 left,Scarcity,Low-stock Message
QUANTITY: *ONLY 1 LEFT,Scarcity,Low-stock Message
QUICK! ONLY 1 LEFT IN STOCK,Scarcity,Low-stock Message
SELLING FAST! GET 10% OFF THIS ITEM. ACTIVATE NOW.,Scarcity,High-demand Message
Selling Fast,Scarcity,High-demand Message
Selling fast!,Scarcity,High-demand Message
Sellout risk:,Scarcity,Low-stock Message
"Size low on stock, only 1 item left",Scarcity,Low-stock Message
"Sorry, this is out of stock. You just missed it.",Scarcity,High-demand Message
Status:Only 3 left in stock,Scarcity,Low-stock Message
Stock Low : 6 items left.,Scarcity,Low-stock Message
Strong demand! Complete your order before it's too late!,Scarcity,High-demand Message
There are only 1 item left in stock.,Scarcity,Low-stock Message
There is only one product left!,Scarcity,Low-stock Message
This item is in high demand.,Scarcity,High-demand Message
This size has only 1 left in stock,Scarcity,Low-stock Message
WARNING! Only 5 left in stock!,Scarcity,Low-stock Message
Warning: Last items in stock!,Scarcity,Low-stock Message
We have 1 left in stock,Scarcity,Low-stock Message
We only have 5 left!,Scarcity,Low-stock Message
We only have 8.0000 left in Stock,Scarcity,Low-stock Message
We only have few stocks left for this product. Please don't miss the chance.,Scarcity,Low-stock Message
Will sell out fast!,Scarcity,High-demand Message
limited availability at this price!,Scarcity,Low-stock Message
nan,Scarcity,Low-stock Message
only 1 in stock,Scarcity,Low-stock Message
only 2 left,Scarcity,Low-stock Message
only 2 left in stock,Scarcity,Low-stock Message
only 2 left!,Scarcity,Low-stock Message
only 5 left,Scarcity,Low-stock Message
only 5 left in stock,Scarcity,Low-stock Message
only 5 left in stock!,Scarcity,Low-stock Message
only 7 pieces left,Scarcity,Low-stock Message
#6 Bestseller in Rugs This item was viewed 92 times in the last day.,Social Proof,Activity Notification
1 other customers have this item in their shopping cart,Social Proof,Activity Notification
1 people are viewing this currently,Social Proof,Activity Notification
1 people bought Jotter To Do Refill in the last few hours,Social Proof,Activity Notification
1 person is looking at this item.,Social Proof,Activity Notification
1 person is viewing this,Social Proof,Activity Notification
"1,142 people have added to cart recently",Social Proof,Activity Notification
"1,446 people have viewed this item",Social Proof,Activity Notification
104 people viewed this product recently!,Social Proof,Activity Notification
1044 sold in past 12 months,Social Proof,Activity Notification
105 pawrents are buying for their furkids now!,Social Proof,Activity Notification
11 people have purchased this item,Social Proof,Activity Notification
11 people viewed this today!,Social Proof,Activity Notification
111 people have purchased this item,Social Proof,Activity Notification
113 people have viewed in the last 24hrs,Social Proof,Activity Notification
117 people have viewed this item in the last 7 days.,Social Proof,Activity Notification
12 customers viewed this product today!,Social Proof,Activity Notification
12 recently purchased it.,Social Proof,Activity Notification
127 People viewed this product this week,Social Proof,Activity Notification
13 people have added this to their cart,Social Proof,Activity Notification
135 people have this in their cart,Social Proof,Activity Notification
137 users are currently active on our website,Social Proof,Activity Notification
143 BOUGHT,Social Proof,Activity Notification
146 people recently purchased this.,Social Proof,Activity Notification
156 sold in last 24 hours,Social Proof,Activity Notification
16 recently purchased it.,Social Proof,Activity Notification
161 people have viewed this item,Social Proof,Activity Notification
1626 people seeing this product right now,Social Proof,Activity Notification
166 people have added this item to cart,Social Proof,Activity Notification
17 people have added this item to cart,Social Proof,Activity Notification
17 people have viewed this wine today,Social Proof,Activity Notification
19 people have viewed this item,Social Proof,Activity Notification
19 people viewed this product per day,Social Proof,Activity Notification
"19,302 people have added this item to cart",Social Proof,Activity Notification
2 PEOPLE HAVE ADDED THIS ITEM TO THEIR CART TODAY,Social Proof,Activity Notification
2 customers recently bought it,Social Proof,Activity Notification
2 people are looking at this listing now,Social Proof,Activity Notification
2 people are looking right now,Social Proof,Activity Notification
2 people are viewing this,Social Proof,Activity Notification
2 people have looked at this in the last couple of hrs.,Social Proof,Activity Notification
2 viewed per hour,Social Proof,Activity Notification
2+ people just viewed this product,Social Proof,Activity Notification
"2,221 people have purchased this item",Social Proof,Activity Notification
"2,229 people have viewed this item",Social Proof,Activity Notification
2049 sold in the last 7 days,Social Proof,Activity Notification
21 people looked at this during the last 24 hours,Social Proof,Activity Notification
210+ bought,Social Proof,Activity Notification
218 people have added this item to cart,Social Proof,Activity Notification
22 people have looked at this part recently,Social Proof,Activity Notification
227 Bought Already,Social Proof,Activity Notification
228 People Have Viewed This Product Recently!,Social Proof,Activity Notification
23 People viewing this product,Social Proof,Activity Notification
232 people are viewing this offer!,Social Proof,Activity Notification
24 people currently interested,Social Proof,Activity Notification
24 people have purchased this wine today,Social Proof,Activity Notification
24 sold in last 24 hours.,Social Proof,Activity Notification
"25,439 people have viewed this item",Social Proof,Activity Notification
251 people are viewing this right now,Social Proof,Activity Notification
273 units sold in the last 30 days,Social Proof,Activity Notification
3 PEOPLE VIEWING,Social Proof,Activity Notification
3 other people are currently viewing this item.,Social Proof,Activity Notification
3 people are looking at this item right now,Social Proof,Activity Notification
3 people are looking at this product,Social Proof,Activity Notification
3 people bought this item last week.,Social Proof,Activity Notification
"3,081 people have viewed this item",Social Proof,Activity Notification
30 people have purchased this item,Social Proof,Activity Notification
308 viewed per day,Social Proof,Activity Notification
31 have it in their cart,Social Proof,Activity Notification
31 people seeing this product right now,Social Proof,Activity Notification
33 people are eyeing this item!,Social Proof,Activity Notification
33 sold in last 12 hours.,Social Proof,Activity Notification
339 users are currently active on our website,Social Proof,Activity Notification
3642 BOUGHT,Social Proof,Activity Notification
38 people are viewing this,Social Proof,Activity Notification
39 people have this in their cart,Social Proof,Activity Notification
39 recently purchased it,Social Proof,Activity Notification
4 bought in the last 24 hours.,Social Proof,Activity Notification
4 people are looking at this right now.,Social Proof,Activity Notification
4 people have purchased this item,Social Proof,Activity Notification
4 sold in last 5 hours,Social Proof,Activity Notification
40 users are currently active on our website just now.,Social Proof,Activity Notification
404 Orders,Social Proof,Activity Notification
407 customers have viewed this item recently,Social Proof,Activity Notification
41 people have looked at this in the last couple of hours,Social Proof,Activity Notification
43 added to bag in the last 48hrs,Social Proof,Activity Notification
436 users are currently active on our website Just now,Social Proof,Activity Notification
45 ADDED TO BAG IN THE PAST 24 HOURS,Social Proof,Activity Notification
5 Viewing This Product,Social Proof,Activity Notification
5 people are looking at this product right now,Social Proof,Activity Notification
52 people are looking at this right now.,Social Proof,Activity Notification
52 people have added this product to bag in the last 72 hours,Social Proof,Activity Notification
5338 people bought this,Social Proof,Activity Notification
5338 people viewed this in the last hour,Social Proof,Activity Notification
57 PEOPLE HAVE LOOKED AT THIS TODAY,Social Proof,Activity Notification
6 customers have this in their basket,Social Proof,Activity Notification
6 other people looking at this item,Social Proof,Activity Notification
6 others have already bought this deal today!,Social Proof,Activity Notification
6 people have looked at this in the last few hrs.,Social Proof,Activity Notification
"6,743 people have viewed recently",Social Proof,Activity Notification
61 people have already bought that product today with 50% discount,Social Proof,Activity Notification
62 people have looked at this item in the last few hours.,Social Proof,Activity Notification
64 users bought this product Touch: The Set - Touch XL & TouchUp Makeup Mirror Bundle,Social Proof,Activity Notification
65% of our customers added Surefit protection this year.,Social Proof,Activity Notification
660 people have viewed today,Social Proof,Activity Notification
69 people are viewing this,Social Proof,Activity Notification
7 customers have this in their basket,Social Proof,Activity Notification
7 people have it in their cart,Social Proof,Activity Notification
7 people looked at this product in the last 24 hours.,Social Proof,Activity Notification
7 sold in last 24 hours,Social Proof,Activity Notification
7 sold in the last 48 hours,Social Proof,Activity Notification
7 users have looked at this product in the past 6 minutes,Social Proof,Activity Notification
71 people have purchased this item,Social Proof,Activity Notification
715 people have added this item to cart,Social Proof,Activity Notification
72 Viewing This Product,Social Proof,Activity Notification
77 PEOPLE LIKE THIS,Social Proof,Activity Notification
78 Persons looking for this product,Social Proof,Activity Notification
8 customers have bought today,Social Proof,Activity Notification
8 people are looking at this artwork,Social Proof,Activity Notification
8 people have this in their bag right now.,Social Proof,Activity Notification
8 people have viewed this product today!,Social Proof,Activity Notification
80 Customers are considering this product right now.,Social Proof,Activity Notification
85 have it in their cart,Social Proof,Activity Notification
88 PEOPLE VIEWED ITEM IN THE LAST 24 HOURS,Social Proof,Activity Notification
89 currently viewing,Social Proof,Activity Notification
9 people are currently viewing this product,Social Proof,Activity Notification
9 people are viewing this.,Social Proof,Activity Notification
9 sold in last 4 hours,Social Proof,Activity Notification
92 customers bought this in the last 48 hours,Social Proof,Activity Notification
93 PEOPLE HAVE BOUGHT THIS PRODUCT TODAY,Social Proof,Activity Notification
99 people are looking at this right now,Social Proof,Activity Notification
994 items sold this hour.,Social Proof,Activity Notification
"Abbie in Calwell, Australia purchased Shark Bite Socks about 1 hour ago",Social Proof,Activity Notification
Add to Wish List(13 People Have Added),Social Proof,Activity Notification
"Alyssa in San Antonio, United States purchased a iTunes Japan Gift Card 10000 JPY about 35 minutes ago",Social Proof,Activity Notification
"Annie in Cheras, Malaysia just bought: An Abundance of Flowers - Van-Go Paint-By-Number Kit",Social Proof,Activity Notification
"Another babe in Alexandria, United States just ordered Flat Tummy Tea",Social Proof,Activity Notification
"Armin Dinovic bought 10M Runescape 3 Gold Order total: 3,70€ About 10 seconds ago",Social Proof,Activity Notification
"Ashley in Auburn, United States purchased a Check Plz iPhone X/Xs Case about 24 minutes ago",Social Proof,Activity Notification
"Awhi from Hicks Bay, Gisborne, New Zealand just bought",Social Proof,Activity Notification
"BERNARD in Philadelphia, United States purchased a",Social Proof,Activity Notification
"Bobby in Decatur, United States just purchased",Social Proof,Activity Notification
Bought by 39 people in last few hours! HOT SELLER!,Social Proof,Activity Notification
"Carl F. from Fort Ann, NY bought a King",Social Proof,Activity Notification
"Carol in St. Louis, Missouri bought Original USB Charging Anti-Theft Backpack",Social Proof,Activity Notification
"Chelsea in Burlington, Wisconsin bought Take Out The Boat Jumpsuit, Blackabout 13 minutes ago",Social Proof,Activity Notification
Cheryl in Ontario bought 100% Organic Reishi Mushroom Powder 100g about 16 minutes ago,Social Proof,Activity Notification
Chirag in Anoopshahr just got the JAYS - a-JAYS One+ about 17 minutes ago,Social Proof,Activity Notification
Collin P. from Grandview Missouri just bought BURGUNDY TWO BUTTON SUIT ABOUT 5 SECONDS AGO,Social Proof,Activity Notification
"Crystal Li in Flushing, United States purchased a",Social Proof,Activity Notification
DON'T LET 'EM GET AWAY Several people have recently viewed this item.,Social Proof,Activity Notification
"Debby in Harpers Ferry, United States just bought: Icing Pen Decorating Tool",Social Proof,Activity Notification
"Denise in Saluda, Virginia bought Terani Couture - 1911E9095 Embroidered Asymmetric Neck Mermaid Gown",Social Proof,Activity Notification
Don't miss out! We've sold 38 in the last few days.,Social Proof,Activity Notification
"Edwin in Woodland Park, NJ just bought",Social Proof,Activity Notification
"Faith in Glendale, United States purchased a Choose Your Flavors 5 Bag Sample Pack (Whole Bean) about 1 hour ago",Social Proof,Activity Notification
Fast Mover: 35 PEOPLE added this to cart today!,Social Proof,Activity Notification
Favored By: 400 people!,Social Proof,Activity Notification
"GRACE from ORLANDO, United States bought Camouflage Jumpsuit 31 minutes ago",Social Proof,Activity Notification
Get it fast! 14 added to bag today,Social Proof,Activity Notification
HOT PRODUCT Over 250 people are looking at this item.,Social Proof,Activity Notification
Hayden near Princeton just bought!!!: CBD VEGAN GUMMIES,Social Proof,Activity Notification
Hurry up! 22 people other than you have this product in their cart,Social Proof,Activity Notification
Hurry up! 6 people other than you have this product in their cart,Social Proof,Activity Notification
"IBKUL Solid Mock Neck Half Zip Pullover purchased from Clinton, MD, US 1 minute ago",Social Proof,Activity Notification
IN 43 PEOPLE'S SHOPPING BAG,Social Proof,Activity Notification
"Ida in Tangerang Selatan, Indonesia purchased Iseya VG10 G-Series 33 layer Damascus Japanese Chef's Santoku Knife , 180mm about 1 hour ago",Social Proof,Activity Notification
In other users' carts 59,Social Proof,Activity Notification
"Israël in Metz, France purchased a More ADVANCED Chord Substitutions",Social Proof,Activity Notification
"JOHN in Toowoomba City, Australia purchased a Resin Tank 7 hours ago",Social Proof,Activity Notification
"JULIE in Oak Brook, United States purchased a Watercolor Brush Pens 24 Refillable Colors with Travel Case about 10 hours ago",Social Proof,Activity Notification
"Jacob in Seymour, Wisconsin, United States purchased a Bass XL just now!",Social Proof,Activity Notification
James from Colonia purchased a,Social Proof,Activity Notification
"James in Cashion, Oklahoma just bought Glossy Black Brick Geode / Amber Gradient Fast Lanes",Social Proof,Activity Notification
Jamie from Eloy United States purchased a CBD Oil Vape Additives 4 Pack About 7 hours ago,Social Proof,Activity Notification
"Jamie in Nashville, United States purchased",Social Proof,Activity Notification
"Jeremy in Stockton, United States purchased a",Social Proof,Activity Notification
"Jeremy in Warroad, United States purchased a",Social Proof,Activity Notification
"Jessica in Orange, United States purchased a Black 1920s Sequin Maxi Flapper Dress 12 minutes ago",Social Proof,Activity Notification
"Jim in Houston, USA purchased Pure Ratios: Hemp Oil CBD Patch (40mg CBD)",Social Proof,Activity Notification
"Joe M from , Bought a Cartoon Caterpillar Rigged 3D Model Recently",Social Proof,Activity Notification
"Jonathan in Syracuse, United States just bought Electric Skateboard Battery Pack 36V 10S2P 4 hours ago",Social Proof,Activity Notification
"Kamal in Lathrop, United States purchased a Father Sons Super Slim Stretch Feather Print Long Sleeve - FS429 4 hours ago",Social Proof,Activity Notification
"Keith in Champaign, Illinois bought Mini USB Audio Cassette to MP3 Converterabout 56 minutes ago",Social Proof,Activity Notification
"Ken in Oakland, United States purchased a Dreamville Hoodie a month ago",Social Proof,Activity Notification
"Ken in Three Bridges, United States purchased All Zebrawood + Olive Ash",Social Proof,Activity Notification
Last purchase was 18 minutes ago by someone from Dublin,Social Proof,Activity Notification
Last purchased at 11:19am today.,Social Proof,Activity Notification
"Laurie in Urraween, Queensland bought No Brainer USB Charging Anti-Theft Backpack",Social Proof,Activity Notification
"Leah Rich in Louisville, United States purchased a",Social Proof,Activity Notification
Leslie in USA just Purchased Special Design Exclusive Handmade Silver Ring,Social Proof,Activity Notification
Limited Edition Honeycomb Necklace (Bee Inspired) Someone purchased a Limited Edition Honeycomb Necklace (Bee Inspired),Social Proof,Activity Notification
"Long Dress Style Beach Cover Up With Lace Detail Jessica in Metairie, United States",Social Proof,Activity Notification
MOST POPULAR,Social Proof,Activity Notification
"Marc in Newton, United States purchasedKTM Stand Plate Large KTM...",Social Proof,Activity Notification
"Matthew in Charleston, South Carolina just purchased The Puffy Lux Mattress",Social Proof,Activity Notification
"Mher from San Angelo, TX Recently made a purchase with Crossrope",Social Proof,Activity Notification
"Michael M. from Lacey, WA just bought a Cal King",Social Proof,Activity Notification
"Michael in Pontiac, United States purchased a",Social Proof,Activity Notification
"Mitchell H. Purchased a Dimplex IgniteXL 100"" Linear Built in Electric Fireplace",Social Proof,Activity Notification
"Monira in Doha, Qatar purchased a LilyVanity™ Velvet Box",Social Proof,Activity Notification
More than 752 users are adding shapewear to their cart. Is your size left?,Social Proof,Activity Notification
"Mounif in Pittsburgh, United States purchased",Social Proof,Activity Notification
"Nancy in Pennsylvania purchased 24"" Italian Sterling Silver Milano Twist Adjustable Chain",Social Proof,Activity Notification
"Natalie in Graham, United States purchased a FREE BTS Answer Magic Pillow about 1 hour ago",Social Proof,Activity Notification
OH SO POPULAR! 21 bought in the last 7 days.,Social Proof,Activity Notification
"Oliver in Rotterdam, Netherlands purchased a England Away Soccer Shorts 2018 About 9 hours ago",Social Proof,Activity Notification
One customer bought this article in the last 53 min.,Social Proof,Activity Notification
"Oscar from Cajamarca, Peru purchased",Social Proof,Activity Notification
Other 2 customers have it in their cart.,Social Proof,Activity Notification
Other people want this. 10 people have this in their cart right now.,Social Proof,Activity Notification
"Our most recent customers are from New Rochelle, Roseville, and Brooksville",Social Proof,Activity Notification
Over 200 views in 24 hrs,Social Proof,Activity Notification
Over 238 people have bought this product,Social Proof,Activity Notification
Over 38 bought,Social Proof,Activity Notification
POPULAR 62 others checked this out in the last few hours.,Social Proof,Activity Notification
POPULAR 64 others checked this out in the last few hours.,Social Proof,Activity Notification
Popular Item! 🔥 16 people are viewing this and 18 recently purchased it.,Social Proof,Activity Notification
Popular item! 🔥 27 people recently purchased this.,Social Proof,Activity Notification
Purchased 100+ times in the last few days.,Social Proof,Activity Notification
Purchased 6 times this week.,Social Proof,Activity Notification
Purchased 8 times in the last few days.,Social Proof,Activity Notification
RECENTLY VIEWED 2 others viewed this in the last few hours,Social Proof,Activity Notification
Real time 30 Visitor right now,Social Proof,Activity Notification
Rebecca in Buffalo just bought Sateen Twill Swatchabout 1 hour ago,Social Proof,Activity Notification
"Rick in Columbia, United States purchased a",Social Proof,Activity Notification
"Rose in Portland, United States purchased Green Eco-Friendly iPhone XR Case about 54 minutes ago",Social Proof,Activity Notification
"Sabrina in Paraparaumu, New Zealand purchased a SCHO-KA-KOLA Schokakola energy Chocolate caffeine snack food MRE caffeinated",Social Proof,Activity Notification
"Samuel in Minneapolis, United States purchased a Pod Juice Jewel Mint Cool ❄️Nicotine Salt e-Liquid 15/30ml 7 hours ago",Social Proof,Activity Notification
"Sandeep in Hawthorne, California bought Sadie Ponte Pants - Black Just Now",Social Proof,Activity Notification
Sara from Philadelphia just saved $68 on her order.,Social Proof,Activity Notification
"Sayeeganesh in Chennai, India just bought Dhoni the Finisher T-Shirt an hour ago",Social Proof,Activity Notification
Selling fast! Add to bag 7 times in the last 48 hours.,Social Proof,Activity Notification
Sharmeen Atif From Karachi just bought Stylish Metal Glasses Frames For Kids-Assorted-NA7157,Social Proof,Activity Notification
"Shopper from Saint John, NB viewed Lenovo ThinkCentre M710t 10M9000RUS Desktop Computer 3 minutes ago!",Social Proof,Activity Notification
"Sierra in Cypress, California bought Beauty In All Dress, Dusty Blue about 46 minutes ago",Social Proof,Activity Notification
Someone added 1pc 4ocean natural stone beads beaded bracelet men boho handmade to their cart RIGHT NOW,Social Proof,Activity Notification
Someone bought: HYPE BLUE LARGE SPLAT KIDS LEGGINGS,Social Proof,Activity Notification
Someone from Airdrie & 10820 others bought this item recently.,Social Proof,Activity Notification
"Someone from Cape Town, Western Cape, South Africa just started buying Packable Travel Duffel Bag! 5 minutes ago",Social Proof,Activity Notification
"Someone from Huntingtown, Maryland, United States purchased TopCoat® F11® Polish & Sealer - Web Special Kits Just Now",Social Proof,Activity Notification
"Someone from Menlo Park, California just purchased Electric Skateboard Motor 6374 190KV.",Social Proof,Activity Notification
Someone from Norway purchased a Super FG Grater - 12x Faster - 15% OFF,Social Proof,Activity Notification
"Someone from Osijek, Croatia just bought TMC CP Style Single Pistol Pouch",Social Proof,Activity Notification
"Someone from Portland, United States (US) purchased MODALERT recently.",Social Proof,Activity Notification
"Someone from Rochedale, Queensland, Australia started buying this!",Social Proof,Activity Notification
"Someone from South Gate, California just purchased the Admiral JR / Spektrum Servo Connector Plug Set (Male and Female - 2 Pairs)",Social Proof,Activity Notification
Someone from purchased a HOLEES Original Ladies II - Navy About 9 hours ago,Social Proof,Activity Notification
"Someone in Alexandria, United States just bought TTDeye Queen Green Colored Contact Lenses",Social Proof,Activity Notification
"Someone in Ampang, Malaysia just bought",Social Proof,Activity Notification
"Someone in Arden Hills, United States purchased 120ml Young Napoleon | Best Strawberry Shortcake eJuice | Vaporham Lincoln eLiquid about 42 minutes ago",Social Proof,Activity Notification
Someone in Bacchus Marsh bought a Noosa Basics Deodorant Stick - Sensitive (60g) 27 seconds ago,Social Proof,Activity Notification
Someone in Boling Iago Texas United States Purchased Seek Discomfort Sketch White iPhone Case 5 hours ago,Social Proof,Activity Notification
"Someone in Byron Bay, NSW just bought",Social Proof,Activity Notification
Someone in Canberra purchased\nADV.2 (Austracantha) about 41 minutes ago,Social Proof,Activity Notification
"Someone in Cashmere bought a 
RCM Cosworth Timing Belt Kit 99-02MY EJ20/22/251 hour ago",Social Proof,Activity Notification
Someone in Castle Hill bought a Philips Essential LED Downlight Kit | 5W 4000K few hours ago.,Social Proof,Activity Notification
"Someone in Cedarhurst, United States purchased a Sproet and Sprout Shell/Violet Stripe Bloomers",Social Proof,Activity Notification
"Someone in Chambersburg, Pennsylvania purchased",Social Proof,Activity Notification
"Someone in Culgoa, Australia purchased Savelli Epic Mens Comfortable Leather Lace Up Boots Made In Brazil",Social Proof,Activity Notification
"Someone in DOVER, United States just bought Crew 15 mins ago",Social Proof,Activity Notification
Someone in Egypt bought,Social Proof,Activity Notification
Someone in Faizabad just bought: Pretty Love Penis Sleeve 7 inch an hour 2 minutes ago,Social Proof,Activity Notification
"Someone in Flemington, United States purchased Anti-Aging Eyelid Tape (Contains 100 Strips) Just now",Social Proof,Activity Notification
"Someone in Joliet, Illinois purchased a Yocan Evolve Plus XL Vaporizer",Social Proof,Activity Notification
Someone in Keilor East bought a Piranta-Edge Skinning Knife - Blaze - Havalon Knives54 minutes ago,Social Proof,Activity Notification
"Someone in Kilwinning, United Kingdom just bought Cuban Link Chain Bracelet",Social Proof,Activity Notification
Someone in Louisville Kentucky United States Purchased Gold Presidential Bracelet With Watch Buckle 9 hours ago,Social Proof,Activity Notification
"Someone in Madrid, Spain just bought",Social Proof,Activity Notification
Someone in Mount Louisa bought a Coleman Folding Table & Bench Set 2 minutes ago,Social Proof,Activity Notification
Someone in New Lynn bought a Kogan A1 Earphones with Inline Control for IOS/Android 1 hour ago.,Social Proof,Activity Notification
"Someone in Paris, France just purchased a Kanpeki Knife Set",Social Proof,Activity Notification
"Someone in Petaling Jaya, Malaysia just bought SNEAKERGUARD Midsole Paint Marker - BOOST White",Social Proof,Activity Notification
Someone in Pittsworth bought a Ultimate COLT Anal Training Kit 2 hours ago,Social Proof,Activity Notification
Someone in Red Cliffs bought a RHK Yamaha YZ/YZF/WRF 99-16 Blue Pursuit Footpegs 3 minutes ago,Social Proof,Activity Notification
"Someone in Saint Kilda, Victoria purchased Frank Queen Size Bed Base",Social Proof,Activity Notification
"Someone in San diego, United States just bought Gemfield Watch 15 days ago",Social Proof,Activity Notification
"Someone in Sasebo, Japan just bought",Social Proof,Activity Notification
"Someone in Shelby twp, United States just bought Galaxy Note 8 10000mAh ZeroShock Battery Case 3 days ago",Social Proof,Activity Notification
Someone in Spain purchased,Social Proof,Activity Notification
"Someone in Tornado, United States just bought Fresh Melon Menthol 2 hours ago",Social Proof,Activity Notification
Someone in United States just purchased a,Social Proof,Activity Notification
"Someone in Vancouver, Washington purchased a Orthofeet Men's Orthotic Insoles about 38 minutes",Social Proof,Activity Notification
Someone in Yanchep bought a 52mm Mechanical 'Performance' Boost Gauge - Blue/White 9 seconds ago,Social Proof,Activity Notification
Someone in city just added Radiance - Nebulizing Diffuser® to their cart,Social Proof,Activity Notification
Someone purchased a FORWARD REVIVE WOMEN'S RED WHITE HUSTLE T-SHIRT 32 minutes ago,Social Proof,Activity Notification
"Son in Suisun City, United States purchased Commander Lex",Social Proof,Activity Notification
"Stacey in Saint Marys, United States purchased Extra Long (10 Ft) Fiber Cloth Sync & Charge USB Android Cable - Assorted Colors about 30 minutes ago",Social Proof,Activity Notification
"Sudha rana from Jaipur bought this product, 23 Mins ago.",Social Proof,Activity Notification
"Synne Kristine in Halden, bought Classic Bokksu Subscription (Billed Every 1 Month) (Ships every 1 Months) about 45 minutes ago",Social Proof,Activity Notification
THIS PRODUCT HAS BEEN VIEWED 480 TIMES IN THE LAST 48 HOURS,Social Proof,Activity Notification
"Tambria in Hattiesburg just bought Peruvian Virgin Natural Wave Hair 3 Bundles with Lace Frontal, 100% Human Virgin Hair",Social Proof,Activity Notification
Theresa from Botkins just bought Panoply 14918 A-line Lace Formal Dress,Social Proof,Activity Notification
This is in 5 other carts.,Social Proof,Activity Notification
This product was viewed 26 seconds ago by someone from Princeton,Social Proof,Activity Notification
Trending Style! Sold 4 times today,Social Proof,Activity Notification
Trending now! Added to basket 38 times today,Social Proof,Activity Notification
Trending now! Added to basket 490 times today,Social Proof,Activity Notification
"Trey in Columbia, United States purchased Leather Cord Capsule",Social Proof,Activity Notification
"Trey in Sparta, United States purchased Stealth Angel Ultra Lightweight & Portable Sleeping Bag about 45 minutes ago",Social Proof,Activity Notification
"Tristan in Markham, Canada purchased a Dragon Baseball Jersey",Social Proof,Activity Notification
"Tyler in Norwalk, United States purchased a",Social Proof,Activity Notification
Viewed 1040 times in the last 7 days,Social Proof,Activity Notification
Viewed 744 times today,Social Proof,Activity Notification
What people are saying about us...,Social Proof,Testimonials of Uncertain Origin
"William in Pago Pago, United States purchased a",Social Proof,Activity Notification
"estiven in Deer Park, United States purchased PreWash™ 4 oz",Social Proof,Activity Notification
jennifer just bought Rainbow Moonstone Healing Heartabout 6 hours ago,Social Proof,Activity Notification
"mark in richmond hill, United States purchased a Fugoo Tough 11 minutes ago",Social Proof,Activity Notification
nan,Social Proof,Testimonials of Uncertain Origin
"tuvia eisenberg Systematics in Tel Aviv, Israel purchased a",Social Proof,Activity Notification
🔥 2 people are looking right now,Social Proof,Activity Notification
🔥 9 people are viewing this.,Social Proof,Activity Notification
🔥👁️ 1 person is viewing this.,Social Proof,Activity Notification
"$3,159.20 $3,949.00 Limited time only",Urgency,Limited-time Message
$69.50 For A Limited Time Details,Urgency,Limited-time Message
(LIMITED TIME OFFER) TORSION GUN HOLSTER SUPER COMBO,Urgency,Limited-time Message
* Limited Time Offer *\nFREE\nTLPWR1 Test Leads!,Urgency,Limited-time Message
-90% discount if you order within 9:55:44,Urgency,Countdown Timer
0 DAYS22 HOURS13 MINUTES21 SECONDS,Urgency,Countdown Timer
0 Days 2 Hours 57 Minutes 53 Seconds,Urgency,Countdown Timer
00 DAYS 00 HOURS 29 MINUTES 26 SECONDS,Urgency,Countdown Timer
00 Days 02 Hrs 26 Mins 12 Sec Sale Ends Once The Timer Hits Zero!,Urgency,Countdown Timer
00 HRS 57 MINS 56 SECS,Urgency,Countdown Timer
0011Days:0088Hours:4411Minutes:21125445Seconds,Urgency,Countdown Timer
00:15:07:45,Urgency,Countdown Timer
00DAYS00HOURS14MINUTES21SECONDS,Urgency,Countdown Timer
00DAYS00HOURS47MINUTES36SECONDS SALE ENDS ONCE COUNTER HITS ZERO,Urgency,Countdown Timer
00DAYS02HRS14MINS1211SEC,Urgency,Countdown Timer
00DAYS07HOURS09MINUTES39SECONDS,Urgency,Countdown Timer
00Days17Hours12Mins13Secs,Urgency,Countdown Timer
01 Hours 37 Minutes 48 Seconds 1/10s,Urgency,Countdown Timer
02 DAYS :23 HOURS :00 MINS :54 SECS,Urgency,Countdown Timer
02:06:40 left to buy,Urgency,Countdown Timer
0:44:56,Urgency,Countdown Timer
1 day 08:15:25,Urgency,Countdown Timer
11 11 Hours: 00 22 Minutes: 3223 3223 Seconds,Urgency,Countdown Timer
11 11 Hours: 00 22 Minutes: 3223 3223 Seconds Sale Ends Once The Timer Hits Zero!,Urgency,Countdown Timer
13:09:27 HOURS MINUTES SECONDS Sale Ends Once The Timer Hits Zero!,Urgency,Countdown Timer
1DAYS 04 HOURS 17 MINUTES 18 SECONDS,Urgency,Countdown Timer
1day21:04:58,Urgency,Countdown Timer
2 DAYS 13:06:13,Urgency,Countdown Timer
20% OFF VALENTINE\u2019S DAY FAVOURITES * | LIMITED TIME ONLY,Urgency,Limited-time Message
25% OFF SELECTED JACKETS Limited Time,Urgency,Limited-time Message
25% OFF* ENDS IN 00 : 12 : 27 : 15 DAYS HRS. MIN. SEC.,Urgency,Countdown Timer
2day 13:49:51 Left,Urgency,Countdown Timer
35% OFF EVERYTHING* EXCL SALE & BEAUTY ENTER: DOLL35 - HURRY! ENDS IN  16H 59M 06S,Urgency,Countdown Timer
3DAYS124606,Urgency,Countdown Timer
3Days01:49:51 Left,Urgency,Countdown Timer
4 days 05:46:20,Urgency,Countdown Timer
40% OFF EVERYTHING* ENTER: 40PLT + FREE SHIPPING ON ALL ORDERS OVER $80,Urgency,Limited-time Message
40% OFF EVERYTHING* ENTER: 40PLT + FREE SHIPPING OVER $80 HURRY! LIMITED TIME ONLY,Urgency,Limited-time Message
"50% OFF Everything (yep, even sale) + $5.99 Shipping* ENDS IN 12h 13m 56s",Urgency,Countdown Timer
50% OFF for Limited Time Only!!!,Urgency,Limited-time Message
60% OFF ENDS IN DAYS HOURS MINUTES SECONDS,Urgency,Countdown Timer
Act now and save $12.99. Limited time only!,Urgency,Limited-time Message
Activate within 0:30:00,Urgency,Countdown Timer
BE QUICK 00:57:33 DON'T MISS OUT,Urgency,Countdown Timer
Cart will expire in 04:53 minutes!,Urgency,Countdown Timer
Cart will expire in 08:19 minutes!,Urgency,Countdown Timer
Checkout within 04:10 so we don't run out of stock!,Urgency,Countdown Timer
Complete your purchase within the next 12:18 minutes and receive 10% off,Urgency,Countdown Timer
DAYS HRS MINS SECS,Urgency,Countdown Timer
DEAL ENDS IN 40:55:13,Urgency,Countdown Timer
Days left until the offer ends: 00 Days 04:43:35,Urgency,Countdown Timer
Deal Ends In 2 : DAYS13 : HRS10 : MIN24 SEC,Urgency,Countdown Timer
Deal expires in: 03 hrs 25 mins 22 sec,Urgency,Countdown Timer
Discount pending $10 OFF 00:30:00,Urgency,Countdown Timer
"Due To HIGH Demand, Cart Expires In: 08:41",Urgency,Countdown Timer
ENDS IN - Flash Offer - TWO PAIRS OF SHOES FOR $319 PROMO CODE AUTO-APPLIED AT CHECKOUT! 0 Days : 16 Hours : 09 Minutes : 57 Seconds,Urgency,Countdown Timer
EXTRA -30% OFF WITH CODE: EXTRA30 Ends in: 0 0 0 0 days 0 0 4 4 hours . 0 0 9 9 min . 2 2 8 8 sec,Urgency,Countdown Timer
Ends Sunday! $200 off any mattress . free shipping & free returns!,Urgency,Limited-time Message
"Ends in 1 Days, 4 Minutes, 44 Seconds",Urgency,Countdown Timer
Enter your email VIEW MY CODE OFFER EXPIRES IN: 0 minutes 00 seconds EXTRA 10% OFF,Urgency,Countdown Timer
Explosive Offers! 80% Off Everything 07:25:41,Urgency,Countdown Timer
FLASH 19:15:22,Urgency,Countdown Timer
FLASH SALE | LIMITED TIME ONLY Shop Now,Urgency,Limited-time Message
FOR A LIMITED TIME ONLY,Urgency,Limited-time Message
FRAMON #2 Code Machine Offer - Limited time offer!,Urgency,Limited-time Message
FREE NECKLACE FOR MOM 01Days 01Hrs 35Mins 02Secs,Urgency,Countdown Timer
FREE SHIPPING // FOR A LIMITED TIME ONLY,Urgency,Limited-time Message
FREE SHIPPING FOR A LIMITED TIME | PRICES ARE IN USD AND INCLUDE ALL IMPORT DUTIES.,Urgency,Limited-time Message
Flash Sale - Almost Over! 00 HOURS : 55 1001 MINUTES : 0550 8778 SECONDS,Urgency,Countdown Timer
"Flash Sale Alert! You can now buy Utorch Corridor Porch Aisle Lights from Gearbest.com for only $7.99 (47% off). Hurry up, limited time offer!",Urgency,Limited-time Message
Flash Sale ends in SHOP NOW,Urgency,Countdown Timer
"For a limited time, buy 2 Hydroxycut Hardcore Elite, 30 Servings for $30!",Urgency,Limited-time Message
Free Shipping On Orders Over $49* - Limited Time Only,Urgency,Limited-time Message
Free Shipping. Limited Time Only. for orders over $50,Urgency,Limited-time Message
"Free Upgrade, Limited Time!\n*DISH Install Not Available*",Urgency,Limited-time Message
Full HD 144Hz IPS Anti-Glare (1920 x 1080) FREE Upgrade (Limited time offer!),Urgency,Limited-time Message
Get 20% off Sample Doors! ×Offer Ends In 58 : 29 Use Promo Code sample20off,Urgency,Countdown Timer
HAUTELOOK 04:53,Urgency,Countdown Timer
HURRY UP > 09H 42M 39S,Urgency,Countdown Timer
HURRY! DON'T MISS THIS DEAL! DAYS 0 1 HRS 1 2 MINS 3 1 SECONDS,Urgency,Countdown Timer
HURRY! ENDS IN: 10 HRS 40 MIN 00 SEC,Urgency,Countdown Timer
HURRY! ENDS IN: 11 HRS 20 MIN 13 SEC,Urgency,Countdown Timer
HURRY! EXCLUSIVE DEAL FOR YOU! 1 4 : 4 5,Urgency,Countdown Timer
HURRY! YOUR 10% OFF EXPIRES IN 29:43,Urgency,Countdown Timer
HURRY! £32.99 UK DELIVERY ENDS SOON,Urgency,Limited-time Message
"HURRY, ORDER WITHIN 16h 59m 06s TO GET 35% OFF EVERYTHING* EXCL SALE & BEAUTY ENTER: DOLL35",Urgency,Countdown Timer
"Here for a limited time. 4.5"" Red Bottle Sticker w/ Adam's Logo",Urgency,Limited-time Message
Hot Offer. Limited Time,Urgency,Limited-time Message
Hurry Up ! Time is running out,Urgency,Countdown Timer
Hurry up! Discount Ends in DAYS HRS MINS SECS,Urgency,Countdown Timer
Hurry up! Prices increase in 0 DAYS 11 HRS 59 MINS 55 SECS,Urgency,Countdown Timer
Hurry up! Sale Ends in,Urgency,Countdown Timer
Hurry up! Sales Ends in DAYS HRS MINS SECS by Beeketing,Urgency,Countdown Timer
"Hurry! Sale Ends In:

02:59:50",Urgency,Countdown Timer
Hurry! Sale ends in:,Urgency,Countdown Timer
Hurry! This special sale ends in 2h 42m 0s,Urgency,Countdown Timer
"Hurry, Limited Time Offer! 11:25",Urgency,Countdown Timer
"Hurry, Sale ends in 9 Hours!",Urgency,Countdown Timer
"Hurry, before it is gone! Limited time remaining!",Urgency,Limited-time Message
Items reserved for 15:00,Urgency,Countdown Timer
Items will be reserved in your cart for 19:10,Urgency,Countdown Timer
LAST CHANCE - UP TO 70% OFF - ENDS IN: 20 HRS 28 MINS 30 SECS,Urgency,Countdown Timer
LAST CHANCE TO SAVE... enter your email to Save 20% on your first order 00 hours :29 minutes :43 seconds,Urgency,Countdown Timer
LAYAWAY SALE WE WILL MATCH YOUR INITIAL PAYMENT. LIMITED TIME ONLY,Urgency,Limited-time Message
LIMITED OFFER: $125 Off + 2 Free Pillows,Urgency,Limited-time Message
"LIMITED TIME - BUY THE NEW PURPLE PLUSH PILLOW, GET ONE FREE",Urgency,Limited-time Message
LIMITED TIME BLOW OUT SALE UP TO 70% OFF! 110% BEST PRICE GUARANTEE!,Urgency,Limited-time Message
LIMITED TIME DEAL!,Urgency,Limited-time Message
LIMITED TIME LEFT! 00 : 46 : 11,Urgency,Countdown Timer
LIMITED TIME OFFER,Urgency,Limited-time Message
"LIMITED TIME OFFER 10% OFF - ENTER CODE \""CASES\"" AT CHECKOUT",Urgency,Limited-time Message
LIMITED TIME OFFER MEN'S CHINOS & 5-POCKET PANTS BUY 2 FOR $59.90 EACH SHOP NOW,Urgency,Limited-time Message
LIMITED TIME OFFER!,Urgency,Limited-time Message
LIMITED TIME OFFER! FREE SHIPPING OVER $99 + FREE RETURNS*,Urgency,Limited-time Message
LIMITED TIME ONLY,Urgency,Limited-time Message
LIMITED TIME ONLY *on select models,Urgency,Limited-time Message
LIMITED TIME ONLY 10 OFF 50 SPEND NEW CUSTOMERS ONLY - TERMS & CONDITIONS APPLY,Urgency,Limited-time Message
LIMITED TIME ONLY!,Urgency,Limited-time Message
LIMITED TIME ONLY: FREE SHIPPING TO SELECT COUNTRIES ON ORDERS OVER $100!,Urgency,Limited-time Message
LIMITED TIME SALE,Urgency,Limited-time Message
LIMITED TIME! - Save $5 OFF Orders $70+ Coupon: SAVE5 - PLUS - Free Gift on Orders $125+,Urgency,Limited-time Message
LIMITED TIME: $10 OFF! DISCOUNT REFLECTED IN PRICE!,Urgency,Limited-time Message
LIMITED TIME: FREE SHIPPING LOWERED TO ORDERS OVER $69.95!,Urgency,Limited-time Message
Limited Time,Urgency,Limited-time Message
Limited Time Offer,Urgency,Limited-time Message
Limited Time Offer Limited Offer! 15% off on Naomi Home with Coupon 9N03. You pay $63.74,Urgency,Limited-time Message
Limited Time Offer!,Urgency,Limited-time Message
Limited Time Offer: 10% Off your first order!,Urgency,Limited-time Message
Limited Time Offers,Urgency,Limited-time Message
Limited Time Only - Up to 30% OFF Freshwater Plants! SHOP NOW >,Urgency,Limited-time Message
Limited Time Only · Online Only,Urgency,Limited-time Message
Limited Time Only! 20% Off,Urgency,Limited-time Message
Limited Time Promo $194.00,Urgency,Limited-time Message
Limited Time Remaining!,Urgency,Limited-time Message
Limited Time Sale - Buy Now!,Urgency,Limited-time Message
Limited Time!,Urgency,Limited-time Message
Limited Time: $10 Off! Discount Reflected In Price!,Urgency,Limited-time Message
Limited time - Free Shipping on all orders*,Urgency,Limited-time Message
Limited time - final price reflects extra 29% off,Urgency,Limited-time Message
Limited time offer,Urgency,Limited-time Message
Limited time offer.,Urgency,Limited-time Message
"Limited time only: FREE SHIPPING on all orders, no minimum required!",Urgency,Limited-time Message
Limited time remaining!,Urgency,Limited-time Message
Massive Tax Time Sale See Discounts! Sale ends in,Urgency,Countdown Timer
"Now 20% off, hurry limited time offer!",Urgency,Limited-time Message
"Now 30% off - hurry, limited time offer!",Urgency,Limited-time Message
OFFER ENDS 00:54:59,Urgency,Countdown Timer
OFFER ENDS IN: 00:32:04 TIME IS RUNNING OUT!,Urgency,Countdown Timer
OFFER ENDS: 09h: 09m: 55s: 0,Urgency,Countdown Timer
OFFER EXPIRES IN: YES NO Want 10% Off Your First Order? 7 minutes 35 seconds,Urgency,Countdown Timer
ON SALE AT $1.99 FOR A LIMITED TIME,Urgency,Limited-time Message
ON SALE: Select Seasonal T-Shirts only $19.99! Limited time only! Save Now!,Urgency,Limited-time Message
ONLY AVAILABLE FOR A LIMITED TIME,Urgency,Limited-time Message
Offer ends 0Hours:04Minutes:46Seconds,Urgency,Countdown Timer
Offer ends in,Urgency,Countdown Timer
Offer ends in 03 days 19 hours : 54 mins : 22 secs,Urgency,Countdown Timer
Offer ends in 15hrs 1min 56sec!,Urgency,Countdown Timer
Offer ends in 9hrs 55min 29sec!,Urgency,Countdown Timer
On Sale! Limited Time Offer!,Urgency,Limited-time Message
"Only available for a LIMITED TIME, so get yours TODAY!",Urgency,Limited-time Message
Order in 13:16 to get $200 off your mattress,Urgency,Countdown Timer
Order in 14:53 to get 2 pillows for free,Urgency,Countdown Timer
Please Order Within: 0 0 : 0 2 : 4 1 : 10 65,Urgency,Countdown Timer
Price Guaranteed For DAYS/HRS/MINS/SECS,Urgency,Countdown Timer
"Rs 4,013 (Retail Discount) + Rs 2,997 (Limited Time Coupon)",Urgency,Limited-time Message
"SALE ENDS IN 19 DAYS, 9 HOURS, 50 MINUTES, 54 SECONDS",Urgency,Countdown Timer
SAVE $200 OFF PUFFY,Urgency,Countdown Timer
SAVE $300.00\nfor limited time,Urgency,Limited-time Message
SAVE 10% On All Orders. No Voucher Code Needed Expires in 18:07:59.,Urgency,Countdown Timer
SAVE TODAY: Save 20% on lighting by Le Klint. Limited time only.,Urgency,Limited-time Message
SLEEP EVENT OFFERS - LIMITED TIME ONLY,Urgency,Limited-time Message
STOCK IS GUARANTEED FOR 60 MINUTES,Urgency,Limited-time Message
Sale Ends in 5 days 14 hours 42 mins 53 sec,Urgency,Countdown Timer
Sale ending in 0 days 04 hours 12 minutes 10 seconds,Urgency,Countdown Timer
Sale ends soon,Urgency,Limited-time Message
Sale ends soon:,Urgency,Limited-time Message
"Save 25% on your entire order 09 Hours 57 Minutes 34Seconds use code: SPRING25""",Urgency,Countdown Timer
Site Wide Savings for the Entire Family! Pricing is off Rogan's Shoes every day Low Prices! Prices are already reflected on the site. Limited time only! Restrictions apply. Online Only.,Urgency,Limited-time Message
Special sale ends in,Urgency,Countdown Timer
Spring Sale Extended,Urgency,Countdown Timer
Time remaining: 04:50,Urgency,Countdown Timer
Today's sale ends in: 00hours:57min:19sec,Urgency,Countdown Timer
"UP TO 60% OFF SPRING SALE PLUS 10% OFF ALL SHOWERS ENTER CODE SHOWERS10 AT CHECKOUT, MUST END TUESDAY 02DAYS  :  04HOURS  :  13MINS  :  28SECS",Urgency,Countdown Timer
VIP OFFERS END 00:54:59,Urgency,Countdown Timer
Wait! Take 10% off Your First Order Deal Expires Soon!,Urgency,Limited-time Message
Wait! YOUR CART QUALIFIES FOR 15% OFF YOUR ENTIRE ORDER. Offer Expires in: 2955,Urgency,Countdown Timer
YOUR CART IS ELIGIBLE FOR AN ADDITIONAL 10% OFF Including Current Promotions + Sale & Clearance 00 hours :29 minutes :26 seconds CHECK OUT NOW,Urgency,Countdown Timer
You left 2 items in your bag Released in: 29 minutes :07 seconds,Urgency,Countdown Timer
Your Cart Will Expire In 09:58 minutes!Please note that these items may not be available again if you release them.,Urgency,Countdown Timer
Your cart is reserved for 09:35 minutes.,Urgency,Countdown Timer
Your cart is reserved for 14:05 minutes!,Urgency,Countdown Timer
Your cart is reserved for 14:57 minutes!,Urgency,Countdown Timer
Your one-time offer! Enjoy 10% off sitewide. Applied at checkout Offer ends in: 04 hrs 37 min 56 sec,Urgency,Countdown Timer
Your order has been reserved for,Urgency,Countdown Timer
Your order is prioritized for 13:22 minutes!,Urgency,Countdown Timer
Your order is reserved for 07:28 minutes!,Urgency,Countdown Timer
Your order is reserved for 08:48 minutes!,Urgency,Countdown Timer
Your order is reserved for 08:53 minutes!,Urgency,Countdown Timer
Your order is reserved for 09:14 minutes!,Urgency,Countdown Timer
Your order is reserved for 09:35 minutes!,Urgency,Countdown Timer
Your order is reserved for 09:43 minutes!,Urgency,Countdown Timer
Your order is reserved for 09:45 minutes!,Urgency,Countdown Timer
Your order is reserved for 09:54 minutes!,Urgency,Countdown Timer
Your order is reserved for 09:56 minutes!,Urgency,Countdown Timer
Your order is reserved for 09:57 minutes!,Urgency,Countdown Timer
Your order is reserved for 09:58 minutes!,Urgency,Countdown Timer
Your order is reserved for 19:57 minutes.,Urgency,Countdown Timer
Your order is reserved for 29:52 minutes!,Urgency,Countdown Timer
Your order will be reserved for 6:56 minutes.,Urgency,Countdown Timer
activate within 10:00,Urgency,Countdown Timer
nan,Urgency,Countdown Timer
